_id,isPb,wpm,acc,rawWpm,consistency,charStats,mode,mode2,quoteLength,restartCount,testDuration,afkDuration,incompleteTestSeconds,punctuation,numbers,language,funbox,difficulty,lazyMode,blindMode,bailedOut,tags,timestamp
67112005da330b33d2fc3a92,,192.44,100,192.44,94.49,47;0;0;0,words,10,-1,0,2.93,0,0,false,false,english,none,normal,false,false,false,,1729175557000
67112001da330b33d2fc3a44,,173.65,98.11,173.65,68.41,52;0;0;0,words,10,-1,9,3.59,0,9.27,false,false,english,none,normal,false,false,false,,1729175553000
67111d64da330b33d2fc085a,,194.52,100,194.52,94.23,41;0;0;0,words,10,-1,2,2.53,0,4.01,false,false,english,none,normal,false,false,false,,1729174884000
67111d5ada330b33d2fc0799,,209.3,100,209.3,84.39,51;0;0;0,words,10,-1,5,2.92,0,3.81,false,false,english,none,normal,false,false,false,,1729174874000
670eadf23b43e6c05d0b8309,,164.67,100,164.67,74.64,53;0;0;0,words,10,-1,7,3.86,0,10.71,false,false,english,none,normal,false,false,false,,1729015282000
670ea2a13b43e6c05d0abc48,,169.98,100,169.98,87.81,54;0;0;0,words,10,-1,0,3.81,0,0,false,false,english,none,normal,false,false,false,,1729012385000
670ea29c3b43e6c05d0abbf8,,150.76,94.34,163.06,89.11,49;2;0;0,words,10,-1,5,3.9,0,11.62,false,false,english,none,normal,false,false,false,,1729012380000
670e75c33b43e6c05d077618,,176.82,100,176.82,52.25,46;0;0;0,words,10,-1,1,3.12,0,0.74,false,false,english,none,normal,false,false,false,,1729000899000
670e75bd3b43e6c05d07758e,,179.23,100,179.23,94.34,42;0;0;0,words,10,-1,3,2.81,0,2.59,false,false,english,none,normal,false,false,false,,1729000893000
670e630a3b43e6c05d0633c8,,178.73,100,178.73,45.98,45;0;0;0,words,10,-1,7,3.02,0,7.35,false,false,english,none,normal,false,false,false,,1728996106000
670d75753b43e6c05dfccb68,,203.96,100,203.96,91.55,49;0;0;0,words,10,-1,4,2.88,0,5.23,false,false,english,none,normal,false,false,false,,1728935285000
67099de33b43e6c05dd6d60e,,154.59,100,154.59,54.14,42;0;0;0,words,10,-1,10,3.26,0,13.23,false,false,english,none,normal,false,false,false,,1728683491000
670895fa3b43e6c05dca3032,,41.59,100,41.59,53.17,58;0;0;0,words,10,-1,10,16.74,1,7.05,false,false,english,none,normal,false,false,false,,1728615930000
670817ee3b43e6c05dc52aea,,193.86,100,193.86,51.26,50;0;0;0,words,10,-1,13,3.1,0,12.17,false,false,english,none,normal,false,false,false,,1728583662000
670817ae3b43e6c05dc526ae,,152.53,93.48,179.9,46.05,39;2;0;0,words,10,-1,0,3.07,0,0,false,false,english,none,normal,false,false,false,,1728583598000
67080a5b3b43e6c05dc437e8,,183.11,90.2,203.01,46.58,46;4;0;1,words,10,-1,7,3.01,0,8.68,false,false,english,none,normal,false,false,false,,1728580187000
670809923b43e6c05dc42937,,174.04,100,174.04,82.7,51;0;0;0,words,10,-1,5,3.52,0,11.53,false,false,english,none,normal,false,false,false,,1728579986000
670803e73b43e6c05dc3c242,,157.85,94.12,178.9,74.36,45;2;0;0,words,10,-1,6,3.42,0,4.09,false,false,english,none,normal,false,false,false,,1728578535000
670803d83b43e6c05dc3c132,,183.95,100,183.95,67.83,52;0;0;0,words,10,-1,5,3.39,0,5.02,false,false,english,none,normal,false,false,false,,1728578520000
670803b13b43e6c05dc3be30,,189.6,100,189.6,50.99,49;0;0;0,words,10,-1,1,3.1,0,0.78,false,false,english,none,normal,false,false,false,,1728578481000
670803ab3b43e6c05dc3bdc2,,158.71,100,158.71,92.65,47;0;0;0,words,10,-1,3,3.55,0,6.56,false,false,english,none,normal,false,false,false,,1728578475000
670803993b43e6c05dc3bc36,,197.28,100,197.28,50.08,51;0;0;0,words,10,-1,4,3.1,0,2.07,false,false,english,none,normal,false,false,false,,1728578457000
6708038d3b43e6c05dc3bb50,,196.1,100,196.1,96.97,49;0;0;0,words,10,-1,1,3,1,2.73,false,false,english,none,normal,false,false,false,,1728578445000
670803853b43e6c05dc3ba96,,182.8,100,182.8,76.51,53;0;0;0,words,10,-1,0,3.48,0,0,false,false,english,none,normal,false,false,false,,1728578436000
67074cec3b43e6c05dba5465,,215.25,100,215.25,88.79,47;0;0;0,words,10,-1,14,2.62,0,27.41,false,false,english,none,normal,false,false,false,,1728531692000
6705b6ad3b43e6c05da7d44f,,167.58,100,167.58,87.22,67;0;0;0,words,10,-1,17,4.8,0,20.65,false,false,english,none,normal,false,false,false,,1728427693000
6705b6833b43e6c05da7d2fa,,182.21,100,182.21,50.99,49;0;0;0,words,10,-1,1,3.23,0,0.73,false,false,english,none,normal,false,false,false,,1728427651000
6705b0ac3b43e6c05da7a6d9,,178.13,100,178.13,60.93,48;0;0;0,words,10,-1,7,3.23,0,7.67,false,false,english,none,normal,false,false,false,,1728426156000
670563543b43e6c05da34db8,,160.54,100,160.54,80.59,49;0;0;0,words,10,-1,3,3.66,0,4.15,false,false,english,none,normal,false,false,false,,1728406356000
670563493b43e6c05da34ce6,,178.04,100,178.04,72.62,51;0;0;0,words,10,-1,1,3.44,0,1.49,false,false,english,none,normal,false,false,false,,1728406345000
670563423b43e6c05da34c64,,121.98,96.49,121.98,63.17,55;0;0;0,words,10,-1,2,5.41,0,2.29,false,false,english,none,normal,false,false,false,,1728406338000
670563373b43e6c05da34ba2,,161.9,100,161.9,77.99,47;0;0;0,words,10,-1,4,3.48,0,2.54,false,false,english,none,normal,false,false,false,,1728406327000
670563293b43e6c05da34a6a,,127.18,94,127.18,63.68,47;0;0;0,words,10,-1,3,4.43,0,3.35,false,false,english,none,normal,false,false,false,,1728406313000
6705631e3b43e6c05da34969,,154.24,100,154.24,62,53;0;0;0,words,10,-1,7,4.12,0,6.71,false,false,english,none,normal,false,false,false,,1728406302000
670563093b43e6c05da347ee,,137.52,100,137.52,85.99,52;0;0;0,words,10,-1,1,4.54,0,0.73,false,false,english,none,normal,false,false,false,,1728406281000
670563023b43e6c05da34775,,143.5,98.31,143.5,74.45,58;0;0;0,words,10,-1,2,4.85,0,1.55,false,false,english,none,normal,false,false,false,,1728406274000
670562f93b43e6c05da346bf,,167.63,100,167.63,80.46,48;0;0;0,words,10,-1,0,3.44,0,0,false,false,english,none,normal,false,false,false,,1728406265000
670562f53b43e6c05da3467a,,138.91,100,138.91,82.29,43;0;0;0,words,10,-1,2,3.71,0,2.37,false,false,english,none,normal,false,false,false,,1728406261000
670560f23b43e6c05da31ffd,,156,95.92,156,87.17,47;0;0;0,words,10,-1,2,3.62,0,1.64,false,false,english,none,normal,false,false,false,,1728405746000
670560ea3b43e6c05da31f4f,,154.42,97.67,154.42,59.81,42;0;0;0,words,10,-1,8,3.26,0,13.33,false,false,english,none,normal,false,false,false,,1728405738000
670560c83b43e6c05da31ca5,,195,100,195,87.25,48;0;0;0,words,10,-1,2,2.95,0,2.19,false,false,english,none,normal,false,false,false,,1728405704000
670547d13b43e6c05da13d32,,187.6,100,187.6,83.12,46;0;0;0,words,10,-1,0,2.94,0,0,false,false,english,none,normal,false,false,false,,1728399313000
670547cd3b43e6c05da13cf0,,163.12,100,163.12,58.1,46;0;0;0,words,10,-1,0,3.38,0,0,false,false,english,none,normal,false,false,false,,1728399309000
670547b63b43e6c05da13b41,,146.83,94.74,170.8,81.79,49;2;0;0,words,10,-1,12,4,0,23.82,false,false,english,none,normal,false,false,false,,1728399286000
6704742e3b43e6c05d97af28,,129.78,96.23,129.78,78.97,51;0;0;0,words,10,-1,2,4.72,0,1.3,false,false,english,none,normal,false,false,false,,1728345134000
670474233b43e6c05d97aee7,,119.39,95.92,119.39,65.63,46;0;0;0,words,10,-1,5,4.62,0,7.67,false,false,english,none,normal,false,false,false,,1728345123000
670428df3b43e6c05d9470f1,,112.75,97.96,112.75,72.32,47;0;0;0,words,10,-1,2,5,0,0.57,false,true,english,none,normal,false,false,false,,1728325855000
670428733b43e6c05d9469a0,true,152.08,100,152.08,73.45,58;0;0;0,words,10,-1,1,4.58,0,1.65,true,true,english,none,normal,false,false,false,,1728325747000
670428453b43e6c05d946666,true,200.34,100,200.34,94.21,49;0;0;0,words,10,-1,10,2.94,0,14.35,false,true,english,none,normal,false,false,false,,1728325701000
670428043b43e6c05d9461fe,,201.74,100,201.74,94.69,48;0;0;0,words,10,-1,9,2.86,0,10.75,false,false,english,none,normal,false,false,false,,1728325636000
670427ee3b43e6c05d946064,,175.3,100,175.3,60.62,50;0;0;0,words,10,-1,2,3.42,0,1.36,false,false,english,none,normal,false,false,false,,1728325614000
670427e63b43e6c05d945fc4,,137.66,88.24,180.01,59.13,39;4;0;1,words,10,-1,0,3.4,0,0,false,false,english,none,normal,false,false,false,,1728325606000
670427e13b43e6c05d945f81,,181.95,100,181.95,60.49,48;0;0;0,words,10,-1,1,3.17,0,0.99,false,false,english,none,normal,false,false,false,,1728325601000
67036b283b43e6c05d89eb14,,143.58,98.15,143.58,70.49,53;0;0;0,words,10,-1,13,4.43,0,18.82,false,false,english,none,normal,false,false,false,,1728277288000
67036a703b43e6c05d89e44a,,185.65,100,185.65,55.94,49;0;0;0,words,10,-1,1,3.17,0,3.71,false,false,english,none,normal,false,false,false,,1728277104000
67036a673b43e6c05d89e3fc,,129.01,94.44,129.01,76.65,51;0;0;0,words,10,-1,2,4.74,0,2.14,false,false,english,none,normal,false,false,false,,1728277095000
67036a5e3b43e6c05d89e3ae,,129.63,92.59,129.63,53.3,50;0;0;0,words,10,-1,10,4.63,0,17.15,false,false,english,none,normal,false,false,false,,1728277086000
6703643e3b43e6c05d89ab6d,,174.15,92.86,197.69,92.18,37;2;0;0,words,10,-1,25,2.55,0,32.32,false,false,english,none,normal,false,false,false,,1728275518000
670363c03b43e6c05d89a756,,189.72,100,189.72,77.35,39;0;0;0,words,10,-1,0,2.47,0,0,false,false,english,none,normal,false,false,false,,1728275392000
670363bd3b43e6c05d89a735,,177.76,100,177.76,88.27,57;0;0;0,words,10,-1,5,3.85,0,7.86,false,false,english,none,normal,false,false,false,,1728275389000
6703634c3b43e6c05d89a397,,181.48,100,181.48,85.94,55;0;0;0,words,10,-1,0,3.64,0,0,false,false,english,none,normal,false,false,false,,1728275276000
670363473b43e6c05d89a36e,,160.91,94.87,169.61,88.63,37;1;0;1,words,10,-1,2,2.76,0,2.86,false,false,english,none,normal,false,false,false,,1728275271000
6703633e3b43e6c05d89a30d,,187.16,100,187.16,66.52,53;0;0;0,words,10,-1,6,3.4,0,5.17,false,false,english,none,normal,false,false,false,,1728275262000
670363013b43e6c05d89a0dc,,147.84,86.67,190.07,82.97,35;4;0;0,words,10,-1,4,2.84,0,8.13,false,false,english,none,normal,false,false,false,,1728275201000
670361b73b43e6c05d899488,,168.55,100,168.55,84.97,53;0;0;0,words,10,-1,10,3.77,0,24.75,false,false,english,none,normal,false,false,false,,1728274871000
67002dd33b43e6c05d6c2b5c,,158.86,100,158.86,67.18,46;0;0;0,words,10,-1,9,3.47,0,12.97,false,false,english,none,normal,false,false,false,,1728064979000
67001ff53b43e6c05d6b383f,,146.99,96.67,146.99,72.36,58;0;0;0,words,10,-1,1,4.73,0,0.5,false,false,english,none,normal,false,false,false,,1728061428000
67001fed3b43e6c05d6b37b5,,142.47,93.88,155.14,90.69,45;2;0;0,words,10,-1,5,3.79,0,5.7,false,false,english,none,normal,false,false,false,,1728061421000
67001fdc3b43e6c05d6b368f,,166.3,100,166.3,93.97,49;0;0;0,words,10,-1,1,3.54,0,0.55,false,false,english,none,normal,false,false,false,,1728061404000
67001fd63b43e6c05d6b3629,,137.63,93.75,157.29,87.86,42;1;1;0,words,10,-1,0,3.66,0,0,false,false,english,none,normal,false,false,false,,1728061398000
67001f0d3b43e6c05d6b2859,,150.54,96.23,150.54,51.39,51;0;0;0,words,10,-1,4,4.07,0,5.11,false,false,english,none,normal,false,false,false,,1728061197000
67001efe3b43e6c05d6b2734,,134.21,96.08,134.21,61.1,49;0;0;0,words,10,-1,1,4.38,0,1.89,false,false,english,none,normal,false,false,false,,1728061182000
67001ef63b43e6c05d6b269d,,163.28,100,163.28,84.73,53;0;0;0,words,10,-1,0,3.9,0,0,false,false,english,none,normal,false,false,false,,1728061174000
67001ef13b43e6c05d6b264c,,166.58,100,166.58,71.54,47;0;0;0,words,10,-1,2,3.39,0,2.04,false,false,english,none,normal,false,false,false,,1728061169000
67001b7b3b43e6c05d6ae769,,136.4,89.66,168.33,57.94,47;4;0;1,words,10,-1,1,4.13,0,1.72,false,false,english,none,normal,false,false,false,,1728060283000
67001b733b43e6c05d6ae6e6,,123.68,100,123.68,77.06,51;0;0;0,words,10,-1,1,4.95,0,0.7,false,false,english,none,normal,false,false,false,,1728060275000
67001b6c3b43e6c05d6ae66a,,145.72,98.15,145.72,66.16,53;0;0;0,words,10,-1,1,4.36,0,0.73,false,false,english,none,normal,false,false,false,,1728060268000
67001b653b43e6c05d6ae5f4,,179.64,100,179.64,89.25,54;0;0;0,words,10,-1,0,3.61,0,0,false,false,english,none,normal,false,false,false,,1728060261000
67001b603b43e6c05d6ae596,,148.09,100,148.09,91.24,46;0;0;0,words,10,-1,1,3.73,0,0.68,false,false,english,none,normal,false,false,false,,1728060256000
66ff64ac3b43e6c05d61bfe9,,190.71,100,190.71,86.9,47;0;0;0,words,10,-1,5,2.96,0,4.38,false,false,english,none,normal,false,false,false,,1728013484000
66ff64a03b43e6c05d61bf73,,176.84,96.55,176.84,79.45,56;0;0;0,words,10,-1,8,3.8,0,11.4,false,false,english,none,normal,false,false,false,,1728013472000
66ff648a3b43e6c05d61be98,,113.91,94.12,113.91,47.45,61;0;0;0,words,10,-1,1,6.43,0,0.74,false,false,english,none,normal,false,false,false,,1728013450000
66ff64653b43e6c05d61bd41,,171.97,100,171.97,74.59,49;0;0;0,words,10,-1,0,3.42,0,0,false,false,english,none,normal,false,false,false,,1728013413000
66ff62e83b43e6c05d61afd1,,165.33,100,165.33,93.97,52;0;0;0,words,10,-1,4,3.77,0,4.35,false,false,english,none,normal,false,false,false,,1728013032000
66ff62dc3b43e6c05d61af50,,176.41,100,176.41,77.56,51;0;0;0,words,10,-1,10,3.47,0,15.56,false,false,english,none,normal,false,false,false,,1728013020000
66fda6bb3b43e6c05d4e022e,,151.75,100,151.75,87.34,49;0;0;0,words,10,-1,3,3.87,0,1.91,false,false,english,none,normal,false,false,false,,1727899323000
66fd9f6c3b43e6c05d4d9da6,true,115.4,91.22,126.2,69.22,1154;32;7;4,time,120,-1,2,120,0,2.25,false,false,english,none,normal,false,false,false,,1727897452000
66fd9ec83b43e6c05d4d9490,,171.07,94,194.39,49.36,44;2;0;0,words,10,-1,0,3.09,0,0,false,false,english,none,normal,false,false,false,,1727897288000
66fd9e933b43e6c05d4d91e9,,147.14,88.24,197.48,49.47,38;4;0;0,words,10,-1,7,3.1,0,7.93,false,false,english,none,normal,false,false,false,,1727897235000
66fd8c263b43e6c05d4c612d,,208.12,100,208.12,69.74,58;0;0;0,words,10,-1,2,3.34,0,3.19,false,false,english,none,normal,false,false,false,,1727892518000
66fd8c1c3b43e6c05d4c607a,,162.77,94.23,188.09,68.76,45;2;0;0,words,10,-1,1,3.32,0,1.2,false,false,english,none,normal,false,false,false,,1727892508000
66fd8b623b43e6c05d4c52b9,,186.56,100,186.56,89.08,62;0;0;0,words,10,-1,0,3.99,0,0,false,false,english,none,normal,false,false,false,,1727892322000
66fd8b5c3b43e6c05d4c524a,,183.55,100,183.55,51.85,48;0;0;0,words,10,-1,0,3.14,0,0,false,false,english,none,normal,false,false,false,,1727892316000
66fd8b273b43e6c05d4c4e86,,147.62,94.12,163.66,92.39,46;2;0;0,words,10,-1,2,3.74,0,3.14,false,false,english,none,normal,false,false,false,,1727892263000
66fd8b1c3b43e6c05d4c4dbc,,176.89,100,176.89,96.98,52;0;0;0,words,10,-1,0,3.53,0,0,false,false,english,none,normal,false,false,false,,1727892252000
66fd8b183b43e6c05d4c4d6f,,122.42,96.3,122.42,41.86,52;0;0;0,words,10,-1,12,5.1,0,13.46,false,false,english,none,normal,false,false,false,,1727892248000
66fd8af33b43e6c05d4c4ae2,,172.97,100,172.97,74.59,49;0;0;0,words,10,-1,1,3.4,0,1.46,false,false,english,none,normal,false,false,false,,1727892211000
66fd7d3f3b43e6c05d4b461a,,132.85,83.87,175.24,60.97,47;6;2;1,words,10,-1,5,4.25,0,5.28,false,false,english,none,normal,false,false,false,,1727888703000
66f73fca66c51bbe14520cd1,,166.54,93.62,186.37,46.55,42;2;0;0,words,10,-1,12,3.03,0,16.97,false,false,english,none,normal,false,false,false,,1727479754000
66f73fa966c51bbe14520bdb,,157.22,92.73,183.98,94.66,47;1;1;1,words,10,-1,6,3.59,0,6.25,false,false,english,none,normal,false,false,false,,1727479721000
66f2d27366c51bbe14199830,,140.54,88.64,181.87,91.23,34;2;1;1,words,10,-1,5,2.9,0,7.07,false,false,english,none,normal,false,false,false,,1727189619000
66f2d26366c51bbe141996b3,,166.92,92.45,197.27,50.78,44;2;0;4,words,10,-1,6,3.16,0,8.24,false,false,english,none,normal,false,false,false,,1727189603000
66f2d24e66c51bbe141994f1,,148.39,85.11,193.73,87.04,36;4;1;1,words,10,-1,2,2.91,0,4.11,false,false,english,none,normal,false,false,false,,1727189582000
66f16b0666c51bbe14073720,,168.26,100,168.26,94.95,53;0;0;0,words,10,-1,0,3.78,0,0,false,false,english,none,normal,false,false,false,,1727097606000
66f16b0266c51bbe140736db,,160.6,100,160.6,86.69,48;0;0;0,words,10,-1,2,3.59,0,4.42,false,false,english,none,normal,false,false,false,,1727097602000
66ec2b7866c51bbe14cf2a10,true,159.11,99,159.11,85.12,199;0;0;0,time,15,-1,2,15.01,0,1.93,false,false,english,none,normal,false,false,false,,1726753656000
66ec2b5466c51bbe14cf275e,,167.66,100,167.66,89.78,41;0;0;0,words,10,-1,2,2.93,0,2.81,false,false,english,none,normal,false,false,false,,1726753620000
66ec2b4b66c51bbe14cf26b1,,182.52,100,182.52,66.04,52;0;0;0,words,10,-1,3,3.42,0,3.28,false,false,english,none,normal,false,false,false,,1726753611000
66ec2b3f66c51bbe14cf25b9,,177.23,100,177.23,69.8,49;0;0;0,words,10,-1,0,3.32,0,0,false,false,english,none,normal,false,false,false,,1726753599000
66ec2b3866c51bbe14cf2531,,192.08,100,192.08,54.53,51;0;0;0,words,10,-1,5,3.19,0,7.73,false,false,english,none,normal,false,false,false,,1726753592000
66ec2b2666c51bbe14cf23cd,,172.49,100,172.49,91.92,52;0;0;0,words,10,-1,1,3.62,0,0.8,false,false,english,none,normal,false,false,false,,1726753574000
66ec2b2066c51bbe14cf2354,,173.17,100,173.17,88.53,51;0;0;0,words,10,-1,1,3.53,0,2.33,false,false,english,none,normal,false,false,false,,1726753568000
66eada2d66c51bbe14bec681,,170.78,100,170.78,90.23,54;0;0;0,words,10,-1,4,3.79,0,2.75,false,false,english,none,normal,false,false,false,,1726667309000
66eada1f66c51bbe14bec59b,,136.26,88.24,178.18,67.97,39;3;1;1,words,10,-1,3,3.43,0,1.58,false,false,english,none,normal,false,false,false,,1726667295000
66eada0466c51bbe14bec357,,166.68,94,189.41,52.58,44;2;0;0,words,10,-1,6,3.17,0,11.74,false,false,english,none,normal,false,false,false,,1726667268000
66e99a639f671a0853ea4b62,,111.56,92.65,111.56,60.42,61;0;0;0,custom,custom,-1,7,6.56,0,6.02,false,false,english,none,normal,false,false,false,,1726585443000
66e98e189f671a0853e96201,,151.24,100,151.24,58.86,53;0;0;0,words,10,-1,1,4.21,0,0.04,false,false,english,none,normal,false,false,false,,1726582296000
66e98e119f671a0853e96195,,104.9,88.24,144.59,66.96,37;4;0;0,words,10,-1,0,4.23,0,0,false,false,english,none,normal,false,false,false,,1726582289000
66e98e0c9f671a0853e96138,,131.81,98.04,131.81,68.37,50;0;0;0,words,10,-1,7,4.55,0,11.71,false,false,english,none,normal,false,false,false,,1726582284000
66e98df39f671a0853e95fab,,159.15,100,159.15,91.72,48;0;0;0,words,10,-1,3,3.62,0,4.28,false,false,english,none,normal,false,false,false,,1726582259000
66e98db09f671a0853e95aa3,,150.13,100,150.13,95.82,49;0;0;0,words,10,-1,3,3.92,0,4.45,false,false,english,none,normal,false,false,false,,1726582192000
66e98da49f671a0853e959cf,,139.99,100,139.99,74.14,51;0;0;0,words,10,-1,2,4.37,0,3.07,false,false,english,none,normal,false,false,false,,1726582180000
6695fba3c245cfb7569b3d7a,,186.24,100,186.24,60.27,51;0;0;0,words,10,-1,2,3.29,0,1.34,false,false,english,none,normal,false,false,false,,1721105315000
6684278e71cb2c5f00c96adb,,186.14,100,186.14,72.81,52;0;0;0,words,10,-1,4,3.35,0,6.09,false,false,english,none,normal,false,false,false,,1719936910000
6684278171cb2c5f00c96a42,,177.2,100,177.2,77.56,51;0;0;0,words,10,-1,5,3.45,0,6.83,false,false,english,none,normal,false,false,false,,1719936897000
6684272671cb2c5f00c9664f,,167.42,100,167.42,87.95,53;0;0;0,words,10,-1,4,3.8,0,4.42,false,false,english,none,normal,false,false,false,,1719936806000
6684271871cb2c5f00c965a8,,168.98,100,168.98,86.46,51;0;0;0,words,10,-1,0,3.62,0,0,false,false,english,none,normal,false,false,false,,1719936792000
66841b0c71cb2c5f00c8dcb3,,172.35,100,172.35,97.12,53;0;0;0,words,10,-1,5,3.69,0,5.67,false,false,english,none,normal,false,false,false,,1719933708000
66841ac471cb2c5f00c8d99a,,143.05,94.55,171.04,84.9,46;2;0;0,words,10,-1,1,3.86,0,1.92,false,false,english,none,normal,false,false,false,,1719933636000
66841abc71cb2c5f00c8d943,,182.15,100,182.15,87.47,43;0;0;0,words,10,-1,0,2.83,0,0,false,false,english,none,normal,false,false,false,,1719933628000
66841ab871cb2c5f00c8d91a,,164.7,100,164.7,58.76,56;0;0;0,words,10,-1,2,4.08,0,1.6,false,false,english,none,normal,false,false,false,,1719933624000
66841aad71cb2c5f00c8d893,,171.42,100,171.42,87.7,57;0;0;0,words,10,-1,4,3.99,0,3.41,false,false,english,none,normal,false,false,false,,1719933613000
66841a3671cb2c5f00c8d392,,180.47,100,180.47,72.27,52;0;0;0,words,10,-1,0,3.46,0,0,false,false,english,none,normal,false,false,false,,1719933494000
66841a3071cb2c5f00c8d343,,166.64,100,166.64,89.74,55;0;0;0,words,10,-1,1,3.96,0,0.98,false,false,english,none,normal,false,false,false,,1719933488000
66684710ede857f972ca3090,,132.85,98.04,132.85,76.35,50;0;0;0,words,10,-1,4,4.52,0,6.06,false,false,english,none,normal,false,false,false,,1718109968000
6668467eede857f972ca2a3b,,141.89,100,141.89,72.27,53;0;0;0,words,10,-1,7,4.48,0,17.87,false,false,english,none,normal,false,false,false,,1718109821000
666845c0ede857f972ca21c2,,125.41,93.88,139.99,46.41,43;1;0;0,words,10,-1,6,4.11,0,7.01,false,false,english,none,normal,false,false,false,,1718109632000
666312b4338802e28dc84dba,,141.59,91.49,158.86,63.22,41;2;0;0,words,10,-1,5,3.47,0,4.85,false,false,english,none,normal,false,false,false,,1717768884000
666312a5338802e28dc84d03,,175.98,100,175.98,86.92,43;0;0;0,words,10,-1,2,2.93,0,4.65,false,false,english,none,normal,false,false,false,,1717768869000
66631299338802e28dc84c72,,138.65,96.08,138.65,60.61,49;0;0;0,words,10,-1,2,4.24,0,2.37,false,false,english,none,normal,false,false,false,,1717768857000
6660ae09ca2df50192a9e820,,147.79,96.43,147.79,69.38,54;0;0;0,words,10,-1,6,4.38,0,5.69,false,false,english,none,normal,false,false,false,,1717612041000
6660adf8ca2df50192a9e769,,143.28,88.24,192.3,54.87,38;4;0;0,words,10,-1,0,3.18,0,0,false,false,english,none,normal,false,false,false,,1717612024000
6660adf4ca2df50192a9e73d,,130.55,92.31,130.55,43.02,48;0;0;0,words,10,-1,4,4.41,0,3.83,false,false,english,none,normal,false,false,false,,1717612020000
6660ade7ca2df50192a9e69a,,176.56,100,176.56,89.96,52;0;0;0,words,10,-1,5,3.53,0,5.74,false,false,english,none,normal,false,false,false,,1717612007000
665f496aca2df501929c92fc,,149.52,98.15,164.78,93.97,49;0;0;1,words,10,-1,1,3.93,0,0.62,false,false,english,none,normal,false,false,false,,1717520746000
665f4964ca2df501929c92a7,,158.13,100,158.13,66.41,56;0;0;0,words,10,-1,1,4.25,0,0.87,false,false,english,none,normal,false,false,false,,1717520740000
665f4959ca2df501929c9224,,189.31,100,189.31,59.51,51;0;0;0,words,10,-1,0,3.23,0,0,false,false,english,none,normal,false,false,false,,1717520729000
665f4952ca2df501929c91c3,,154.93,100,154.93,80.25,50;0;0;0,words,10,-1,1,3.87,0,2.32,false,false,english,none,normal,false,false,false,,1717520722000
665f14c3ca2df5019299f625,,156.64,91.84,183.38,54.83,41;2;0;0,words,10,-1,16,3.14,0,25.88,false,false,english,none,normal,false,false,false,,1717507267000
665f143eca2df5019299ef9d,,122.35,92.35,125.55,78.71,153;2;0;0,time,15,-1,2,15.01,0,6.73,false,false,english,none,normal,false,false,false,,1717507134000
665f141cca2df5019299edef,,159.56,100,159.56,93.31,51;0;0;0,words,10,-1,2,3.84,0,1.41,false,false,english,none,normal,false,false,false,,1717507100000
665f1411ca2df5019299ed70,,134.48,100,134.48,53.24,46;0;0;0,words,10,-1,7,4.1,0,7.75,false,false,english,none,normal,false,false,false,,1717507089000
665f13f9ca2df5019299ec2f,,179.53,100,179.53,85.76,55;0;0;0,words,10,-1,2,3.68,0,2.59,false,false,english,none,normal,false,false,false,,1717507065000
665f13eeca2df5019299eb92,,131.88,86.36,161.18,53.71,36;3;1;1,words,10,-1,5,3.28,0,12.65,false,false,english,none,normal,false,false,false,,1717507054000
665f13d2ca2df5019299ea1e,,145.2,100,145.2,84.47,47;0;0;0,words,10,-1,9,3.88,0,11.61,false,false,english,none,normal,false,false,false,,1717507026000
665f1394ca2df5019299e70e,,138.48,93.75,138.48,71.88,45;0;0;0,words,10,-1,11,3.9,0,18.86,false,false,english,none,normal,false,false,false,,1717506964000
665f0d34ca2df50192999a87,,119.86,96.43,119.86,56.88,54;0;0;0,words,10,-1,0,5.41,0,0,false,false,english,none,normal,false,false,false,,1717505332000
6659c5373f4cde2f9dfc1004,,184.4,100,184.4,46.88,47;0;0;0,words,10,-1,3,3.06,0,3.14,false,false,english,none,normal,false,false,false,,1717159223000
664c9892bea7806f66e0a71e,,125.35,98.21,125.35,59.15,55;0;0;0,words,10,-1,0,5.27,0,0,false,false,english,none,normal,false,false,false,,1716295826000
664c988cbea7806f66e0a6db,,116.46,97.96,116.46,72.42,48;0;0;0,words,10,-1,2,4.95,0,1.52,false,false,english,none,normal,false,false,false,,1716295820000
66479d6ac1edd2b869da4c45,,171.64,93.88,186.9,50.99,45;2;0;0,words,10,-1,0,3.15,0,0,false,false,english,none,normal,false,false,false,,1715969386000
66479d66c1edd2b869da4c13,,157.12,96.88,157.12,72.59,61;0;0;0,words,10,-1,0,4.66,0,0,false,false,english,none,normal,false,false,false,,1715969382000
66479d61c1edd2b869da4bcf,,187.68,100,187.68,86.9,55;0;0;0,words,10,-1,1,3.52,0,2.37,false,false,english,none,normal,false,false,false,,1715969377000
66479d59c1edd2b869da4b80,,147.5,91.53,164.85,52.32,51;2;0;0,words,10,-1,2,4.15,0,0.85,false,false,english,none,normal,false,false,false,,1715969369000
66479d51c1edd2b869da4b34,,187.07,100,187.07,48.74,50;0;0;0,words,10,-1,1,3.21,0,1.63,false,false,english,none,normal,false,false,false,,1715969361000
66479d11c1edd2b869da48a5,,164.84,94.83,180.39,85.39,53;2;0;0,words,10,-1,6,3.86,0,7.85,false,false,english,none,normal,false,false,false,,1715969297000
66479cfdc1edd2b869da47ba,,179.25,100,179.25,56.9,47;0;0;0,words,10,-1,0,3.15,0,0,false,false,english,none,normal,false,false,false,,1715969277000
66479cf6c1edd2b869da4769,,207.03,100,207.03,96.71,49;0;0;0,words,10,-1,6,2.84,0,4.33,false,false,english,none,normal,false,false,false,,1715969270000
66479ce7c1edd2b869da46ca,,171.91,100,171.91,90.02,53;0;0;0,words,10,-1,0,3.7,0,0,false,false,english,none,normal,false,false,false,,1715969255000
66479ce2c1edd2b869da4688,,111.64,91.07,131.48,48.24,45;2;0;0,words,10,-1,2,4.84,0,2.46,false,false,english,none,normal,false,false,false,,1715969250000
66479cd8c1edd2b869da461e,,183.05,100,183.05,63.57,50;0;0;0,words,10,-1,0,3.28,0,0,false,false,english,none,normal,false,false,false,,1715969240000
66479cd3c1edd2b869da45ed,,188.31,100,188.31,79.05,56;0;0;0,words,10,-1,3,3.57,0,6.06,false,false,english,none,normal,false,false,false,,1715969235000
663cca29866cd8bb7970fdd2,,173.94,100,173.94,90.77,53;0;0;0,words,10,-1,0,3.66,0,0,false,false,english,none,normal,false,false,false,,1715259945000
663cca24866cd8bb7970fd88,,161.91,100,161.91,53.84,43;0;0;0,words,10,-1,8,3.19,0,13.78,false,false,english,none,normal,false,false,false,,1715259940000
663cca03866cd8bb7970fbbe,,174.99,100,174.99,88.63,55;0;0;0,words,10,-1,1,3.77,0,3.47,false,false,english,none,normal,false,false,false,,1715259907000
663cc9f9866cd8bb7970fb27,,179.36,100,179.36,95.1,53;0;0;0,words,10,-1,0,3.55,0,0,false,false,english,none,normal,false,false,false,,1715259897000
663cc45d866cd8bb7970a9cf,,134.12,100,134.12,86.27,54;0;0;0,words,10,-1,0,4.83,0,0,false,false,english,none,normal,false,false,false,,1715258461000
663cc457866cd8bb7970a97c,,114.79,98.21,114.79,83.75,55;0;0;0,words,10,-1,4,5.75,0,1.52,false,false,english,none,normal,false,false,false,,1715258455000
6638d846866cd8bb7945e914,,166.83,100,166.83,91.36,51;0;0;0,words,10,-1,0,3.67,0,0,false,false,english,none,normal,false,false,false,,1715001414000
6638d841866cd8bb7945e8c3,,164,100,164,90.42,51;0;0;0,words,10,-1,1,3.73,0,0.54,false,false,english,none,normal,false,false,false,,1715001409000
6638d82e866cd8bb7945e7c5,,173.51,100,173.51,87.95,53;0;0;0,words,10,-1,4,3.67,0,3.42,false,false,english,none,normal,false,false,false,,1715001390000
6638d7c2866cd8bb7945e158,,156.59,100,156.59,61.44,54;0;0;0,words,10,-1,28,4.14,0,43.89,false,false,english,none,normal,false,false,false,,1715001282000
6634eeade7e7f153d061018d,true,146.85,95.08,154.58,75.02,247;4;2;0,words,50,-1,2,20.18,0,3.75,false,false,english,none,normal,false,false,false,,1714745005000
6634ee61e7e7f153d060fcfc,,141,95.16,141,56.17,59;0;0;0,words,10,-1,6,5.02,0,9.4,false,false,english,none,normal,false,false,false,,1714744929000
6634ee4be7e7f153d060fb92,,128.07,96.67,128.07,71.72,58;0;0;0,words,10,-1,4,5.43,0,4.33,false,false,english,none,normal,false,false,false,,1714744907000
6634ee0fe7e7f153d060f7f7,,145.07,97.92,145.07,77.54,47;0;0;0,words,10,-1,14,3.89,0,18.17,false,false,english,none,normal,false,false,false,,1714744847000
6634edd5e7e7f153d060f4c1,,177.52,100,177.52,88.11,52;0;0;0,words,10,-1,0,3.52,0,0,false,false,english,none,normal,false,false,false,,1714744789000
6634edcfe7e7f153d060f468,,192.27,100,192.27,54.87,51;0;0;0,words,10,-1,5,3.18,0,8.73,false,false,english,none,normal,false,false,false,,1714744783000
6634ed12e7e7f153d060e918,,170.31,100,170.31,65.65,48;0;0;0,words,10,-1,1,3.38,0,0.61,false,false,english,none,normal,false,false,false,,1714744594000
6634ed0be7e7f153d060e8b4,,173.48,100,173.48,62.38,60;0;0;0,words,10,-1,0,4.15,0,0,false,false,english,none,normal,false,false,false,,1714744587000
6634ed04e7e7f153d060e84d,,150.7,97.87,150.7,66.78,44;0;0;0,words,10,-1,0,3.5,0,0,false,false,english,none,normal,false,false,false,,1714744580000
6634ecfee7e7f153d060e7e2,,165.43,97.83,165.43,50.71,45;0;0;0,words,10,-1,3,3.26,0,3.18,false,false,english,none,normal,false,false,false,,1714744574000
663104fe446b79b80c950282,,115.08,78.57,150.7,65.02,42;8;1;0,words,10,-1,0,4.38,0,0,false,false,english,none,normal,false,false,false,,1714488574000
663104f8446b79b80c95021f,,171.38,100,171.38,86.02,51;0;0;0,words,10,-1,4,3.57,0,5.07,false,false,english,none,normal,false,false,false,,1714488568000
6614a559edab6d8ac54d53c1,,184.8,100,184.8,51.06,47;0;0;0,words,10,-1,0,3.05,0,0,false,false,english,none,normal,false,false,false,,1712629081000
6614a555edab6d8ac54d53a3,,128.83,98.11,128.83,53.28,51;0;0;0,words,10,-1,9,4.75,0,14.81,false,false,english,none,normal,false,false,false,,1712629077000
6614a472edab6d8ac54d4ce7,,162.11,100,162.11,92.36,54;0;0;0,words,10,-1,0,4,1,0,false,false,english,none,normal,false,false,false,,1712628850000
6614a444edab6d8ac54d4b8a,,163.9,100,163.9,92.1,50;0;0;0,words,10,-1,3,3.66,0,8.52,false,false,english,none,normal,false,false,false,,1712628804000
660c42443a4c3e110b5e8705,true,89.26,96.94,93.36,58.32,523;7;0;1,words,100,-1,1,70.31,5,1.78,false,false,english,none,normal,false,false,false,,1712079428000
65fc6c149c9c7becc5722868,,189.59,100,189.59,61.4,53;0;0;0,words,10,-1,1,3.35,0,0.87,false,false,english,none,normal,false,false,false,,1711041556000
65fc6c0e9c9c7becc572280e,,145.36,93.75,162.26,75.5,43;2;0;0,words,10,-1,14,3.55,0,19.44,false,false,english,none,normal,false,false,false,,1711041550000
65fc6be69c9c7becc57225d2,,195.41,100,195.41,66.77,39;0;0;0,words,10,-1,6,2.4,0,6.51,false,false,english,none,normal,false,false,false,,1711041510000
65fc6bbf9c9c7becc5722392,,165.33,97.73,177.43,90.73,41;0;0;1,words,10,-1,2,2.98,0,2.72,false,false,english,none,normal,false,false,false,,1711041471000
65fc6b199c9c7becc57219ba,,206.51,100,206.51,63.59,42;0;0;0,words,10,-1,21,2.44,0,32.76,false,false,english,none,normal,false,false,false,,1711041305000
65e22c9fd7bfb8ea57d02a3c,true,218.48,100,218.48,96.4,49;0;0;0,words,10,-1,4,2.69,0,5.96,false,false,english,none,normal,false,false,false,,1709321375000
65de236c2c98ce43743f7054,,91.65,96.08,91.65,71.86,49;0;0;0,words,10,-1,9,6.42,0,17.3,false,false,english,none,normal,false,false,false,,1709056876000
65de233d2c98ce43743f6d68,,113.44,100,113.44,91.96,55;0;0;0,words,10,-1,4,5.82,0,28.8,false,false,english,none,normal,false,false,false,,1709056829000
65de22ff2c98ce43743f69cd,,64.87,75,102.22,62.04,33;9;1;0,words,10,-1,0,6.1,0,0,false,false,english,none,normal,false,false,false,,1709056767000
65de22f32c98ce43743f691c,,107.43,100,107.43,64.96,46;0;0;0,words,10,-1,5,5.14,0,8.75,false,false,english,none,normal,false,false,false,,1709056755000
65de22d92c98ce43743f67a6,,102.59,94.12,116.26,70.59,45;1;1;0,words,10,-1,2,5.26,0,1.26,false,false,english,none,normal,false,false,false,,1709056729000
65de22c02c98ce43743f6630,,207.63,100,207.63,97.28,50;0;0;0,words,10,-1,17,2.89,0,22.5,false,false,english,none,normal,false,false,false,,1709056704000
65de22672c98ce43743f60ab,,189.98,100,189.98,95.08,62;0;0;0,words,10,-1,1,3.92,0,0.67,false,false,english,none,normal,false,false,false,,1709056615000
65de225f2c98ce43743f601a,,164.14,94.55,196.26,69.85,46;2;0;0,words,10,-1,4,3.36,0,3.27,false,false,english,none,normal,false,false,false,,1709056607000
65de22522c98ce43743f5f45,,184.53,100,184.53,90.41,55;0;0;0,words,10,-1,12,3.58,0,13.49,false,false,english,none,normal,false,false,false,,1709056594000
65de21db2c98ce43743f57de,,202.33,100,202.33,98.36,45;0;0;0,words,10,-1,5,2.67,0,5.78,false,false,english,none,normal,false,false,false,,1709056475000
65de1e852c98ce43743f22fa,,180.91,100,180.91,47.55,47;0;0;0,words,10,-1,1,3.12,0,1.53,false,false,english,none,normal,false,false,false,,1709055621000
65de1e7e2c98ce43743f2289,,144.82,93.22,181.79,90.59,47;2;0;1,words,10,-1,9,3.89,0,8.86,false,false,english,none,normal,false,false,false,,1709055614000
65de1e572c98ce43743f2008,,170.11,100,170.11,87.27,55;0;0;0,words,10,-1,15,3.88,0,15.64,false,false,english,none,normal,false,false,false,,1709055575000
65de1e2c2c98ce43743f1d53,,165.83,98,172.74,73.77,48;0;0;1,words,10,-1,6,3.47,0,7.32,false,false,english,none,normal,false,false,false,,1709055532000
65de1e0f2c98ce43743f1b7a,,190.64,100,190.64,67.38,53;0;0;0,words,10,-1,4,3.34,0,6.57,false,false,english,none,normal,false,false,false,,1709055503000
65dad21c2c98ce43741e589b,,105.86,100,105.86,84.24,51;0;0;0,words,10,-1,3,5.78,0,6.1,false,false,english,none,normal,false,false,false,,1708839452000
65dad1fb2c98ce43741e5793,,171.77,100,171.77,88.59,55;0;0;0,words,10,-1,1,3.84,0,1.64,false,false,english,none,normal,false,false,false,,1708839419000
65dad1f32c98ce43741e5751,,134.54,87.93,163.17,52.98,47;4;1;1,words,10,-1,4,4.19,0,5.04,false,false,english,none,normal,false,false,false,,1708839411000
65dad1e42c98ce43741e56e9,,169.63,100,169.63,94.61,53;0;0;0,words,10,-1,0,3.75,0,0,false,false,english,none,normal,false,false,false,,1708839396000
65dad1df2c98ce43741e56c3,,165.85,100,165.85,86.11,51;0;0;0,words,10,-1,3,3.69,0,2.86,false,false,english,none,normal,false,false,false,,1708839391000
65dad1c92c98ce43741e5637,,190.92,100,190.92,78.56,55;0;0;0,words,10,-1,2,3.46,0,4.57,false,false,english,none,normal,false,false,false,,1708839369000
65d8bf722c98ce43740d3662,,134.43,98.25,153.25,70.86,50;0;0;1,words,10,-1,1,4.46,0,0.01,false,false,english,none,normal,false,false,false,,1708703602000
65c4e2e088413f9b672c3755,true,217.07,100,217.07,92.43,46;0;0;0,words,10,-1,3,2.54,0,13.7,false,false,english,none,normal,false,false,false,,1707401952000
65c0fe3497665dc8e56e91c1,,163.49,89.09,183.51,89.48,49;4;1;0,words,10,-1,2,3.6,0,3.86,false,false,english,none,normal,false,false,false,,1707146804000
65c0fdea97665dc8e56e8cfa,,157.91,98.11,157.91,83.02,52;0;0;0,words,10,-1,7,3.95,0,7.23,false,false,english,none,normal,false,false,false,,1707146730000
65c0fdd297665dc8e56e8b69,,138.99,87.27,156.36,51.98,48;4;1;0,words,10,-1,7,4.14,0,29.1,false,false,english,none,normal,false,false,false,,1707146706000
65c0fd8897665dc8e56e864d,,58,90.63,58,62,57;0;0;0,words,10,-1,2,11.79,0,7.27,false,false,english,none,normal,false,false,false,,1707146632000
65c0fd6c97665dc8e56e847f,,37.33,100,37.33,61.39,46;0;0;0,words,10,-1,23,14.79,0,61.3,false,false,english,none,normal,false,false,false,,1707146604000
65c0fcbe97665dc8e56e7986,,191.24,100,191.24,63.93,52;0;0;0,words,10,-1,4,3.26,0,21.78,false,false,english,none,normal,false,false,false,,1707146430000
65c0fc8697665dc8e56e760a,,72.32,89.47,72.32,49.63,51;0;0;0,words,10,-1,3,8.46,0,13.85,false,false,english,none,normal,false,false,false,,1707146374000
65c0fc6297665dc8e56e739a,,148.26,100,148.26,59.87,52;0;0;0,words,10,-1,0,4.21,0,0,false,false,english,none,normal,false,false,false,,1707146338000
65c0fc5c97665dc8e56e733e,,135.44,93.88,150.83,95.27,44;2;0;0,words,10,-1,0,3.9,0,0,false,false,english,none,normal,false,false,false,,1707146332000
65c0fc5797665dc8e56e72e9,,152.36,100,152.36,93.73,49;0;0;0,words,10,-1,2,3.86,0,1.66,false,false,english,none,normal,false,false,false,,1707146327000
65bdd06197665dc8e5540d3c,,122.51,97.44,122.51,70.66,190;0;0;0,quote,2217,1,3,18.61,0,2.87,false,false,english,none,normal,false,false,false,,1706938465000
65bdd04097665dc8e5540c44,,158.23,100,158.23,84.21,48;0;0;0,words,10,-1,2,3.64,0,1.99,false,false,english,none,normal,false,false,false,,1706938432000
65b1be0311c8b786c0cdc76c,,144.77,99.45,144.77,80.53,181;0;0;0,time,15,-1,0,15,0,0,false,false,english,none,normal,false,false,false,,1706147331000
65b1bda211c8b786c0cdc4b2,,48.79,96.83,48.79,65.02,61;0;0;0,time,15,-1,1,15,0,1.88,false,false,english,binary,normal,false,false,false,,1706147234000
65b1bc9e11c8b786c0cdbc5b,,148.76,98.41,148.76,80.82,186;0;0;0,time,15,-1,5,15,0,13.14,false,false,english,none,normal,false,false,false,,1706146974000
65b1bad311c8b786c0cdae51,true,148.76,97.44,153.55,85.68,186;2;0;0,time,15,-1,5,15,0,14.69,false,false,english,none,normal,false,false,false,,1706146515000
65b1b99511c8b786c0cda417,,136.72,96.61,139.12,77.43,171;2;0;1,time,15,-1,3,15.01,0,9.04,false,false,english,none,normal,false,false,false,,1706146197000
65b1b97611c8b786c0cda318,,125.56,93.45,125.56,70.09,157;0;0;0,time,15,-1,10,15,0,21.99,false,false,english,none,normal,false,false,false,,1706146166000
65b1b92a11c8b786c0cda0f0,,174.17,100,174.17,61.31,47;0;0;0,words,10,-1,4,3.24,0,2.77,false,false,english,none,normal,false,false,false,,1706146090000
65b1b92011c8b786c0cda095,,157.43,100,157.43,53.44,54;0;0;0,words,10,-1,6,4.12,0,11.41,false,false,english,none,normal,false,false,false,,1706146080000
65b00870ae13999a06536e6e,,185.73,100,185.73,51.49,48;0;0;0,words,10,-1,17,3.1,0,17.53,false,false,english,none,normal,false,false,false,,1706035312000
65b00845ae13999a06536bdd,,175.44,100,175.44,62.88,49;0;0;0,words,10,-1,0,3.35,0,0,false,false,english,none,normal,false,false,false,,1706035269000
65b00840ae13999a06536b97,,160.5,100,160.5,81.83,49;0;0;0,words,10,-1,11,3.66,0,21.23,false,false,english,none,normal,false,false,false,,1706035264000
65b0080aae13999a06536833,,174.82,100,174.82,94.98,52;0;0;0,words,10,-1,5,3.57,0,8.42,false,false,english,none,normal,false,false,false,,1706035210000
65b007e0ae13999a065365a0,,139.42,94.44,160.19,53.44,47;2;0;0,words,10,-1,2,4.05,0,3.06,false,false,english,none,normal,false,false,false,,1706035168000
65b007d4ae13999a065364e3,,156.43,100,156.43,61,54;0;0;0,words,10,-1,5,4.14,0,7.45,false,false,english,none,normal,false,false,false,,1706035156000
65b007a8ae13999a06536239,,148.64,100,148.64,89.91,46;0;0;0,words,10,-1,0,3.71,0,0,false,false,english,none,normal,false,false,false,,1706035112000
65b007a3ae13999a065361fa,,157.12,100,157.12,67.53,43;0;0;0,words,10,-1,7,3.28,0,12.84,false,false,english,none,normal,false,false,false,,1706035107000
65b0074dae13999a06535ceb,,165.27,94.34,182.48,67.82,48;2;0;0,words,10,-1,3,3.49,0,6.2,false,false,english,none,normal,false,false,false,,1706035021000
65b00730ae13999a06535b11,,157.34,100,157.34,86.16,59;0;0;0,words,10,-1,3,4.5,0,4.66,false,false,english,none,normal,false,false,false,,1706034992000
65b0070bae13999a06535930,,171.19,100,171.19,95.73,52;0;0;0,words,10,-1,0,3.65,0,0,false,false,english,none,normal,false,false,false,,1706034955000
65b00706ae13999a065358e6,,164.55,100,164.55,74.28,46;0;0;0,words,10,-1,3,3.35,0,6.62,false,false,english,none,normal,false,false,false,,1706034950000
65b006e6ae13999a06535718,,133.58,94.74,146.43,77.04,52;2;0;0,words,10,-1,4,4.67,0,7.94,false,false,english,none,normal,false,false,false,,1706034918000
65b006d3ae13999a065355f5,,135.24,98.04,135.24,67.55,50;0;0;0,words,10,-1,0,4.44,0,0,false,false,english,none,normal,false,false,false,,1706034899000
65b006cbae13999a0653557d,,86.38,88,101.89,43.26,39;2;0;2,words,10,-1,7,5.42,0,25.21,false,false,english,none,normal,false,false,false,,1706034891000
65aac9ba908c90eb4448fb4d,,145.49,100,145.49,87.95,55;0;0;0,words,10,-1,2,4.54,0,1.22,false,false,english,none,normal,false,false,false,,1705691578000
65a6d5fd908c90eb44211f5d,,137.37,94,156.1,89.14,44;2;0;0,words,10,-1,0,3.84,0,0,false,false,english,none,normal,false,false,false,,1705432573000
65a6d5f7908c90eb44211f13,,169.98,100,169.98,93.56,52;0;0;0,words,10,-1,0,3.67,0,0,false,false,english,none,normal,false,false,false,,1705432567000
65a6d5f2908c90eb44211ede,,161.48,100,161.48,66.3,47;0;0;0,words,10,-1,1,3.49,0,3.52,false,false,english,none,normal,false,false,false,,1705432562000
65811590b8703f30652c9b08,,127.17,97.04,127.17,67.21,164;0;0;0,quote,196,1,3,15.48,0,4.24,false,false,english,none,normal,false,false,false,,1702958480000
65811576b8703f30652c9a08,,123.47,97.59,123.47,77.2,81;0;0;0,quote,119,0,4,7.87,0,3.11,false,false,english,none,normal,false,false,false,,1702958454000
65811563b8703f30652c995c,,157.98,100,157.98,90.33,48;0;0;0,words,10,-1,1,3.65,0,3.08,false,false,english,none,normal,false,false,false,,1702958435000
6581155ab8703f30652c990a,,159.47,100,159.47,88.36,49;0;0;0,words,10,-1,0,3.69,0,0,false,false,english,none,normal,false,false,false,,1702958426000
657f5e166dbc38d1316bdde9,,184.8,100,184.8,92.85,55;0;0;0,words,10,-1,23,3.57,0,21.41,false,false,english,none,normal,false,false,false,,1702845974000
657f5ddd6dbc38d1316bdc2a,,195.86,100,195.86,74.75,56;0;0;0,words,10,-1,1,3.43,0,0.73,false,false,english,none,normal,false,false,false,,1702845917000
657f5dd76dbc38d1316bdbfd,,162.81,100,162.81,89.06,52;0;0;0,words,10,-1,2,3.83,0,1.55,false,false,english,none,normal,false,false,false,,1702845911000
6578951a6dbc38d1312d13f0,,180.08,100,180.08,60.93,48;0;0;0,words,10,-1,13,3.2,0,17.04,false,false,english,none,normal,false,false,false,,1702401305000
65787f336dbc38d1312bba83,,171.29,100,171.29,86.38,54;0;0;0,words,10,-1,9,3.78,0,7.98,false,false,english,none,normal,false,false,false,,1702395698000
65787f196dbc38d1312bb8fd,,191.31,100,191.31,95.3,46;0;0;0,words,10,-1,4,2.89,0,1.82,false,false,english,none,normal,false,false,false,,1702395673000
65787f0a6dbc38d1312bb810,,176.42,100,176.42,92.64,58;0;0;0,words,10,-1,1,3.95,0,2.42,false,false,english,none,normal,false,false,false,,1702395658000
65641b021c9917b51a5f2c2e,,122.91,91.67,140.46,58.05,42;3;0;1,words,10,-1,9,4.1,0,8.33,false,false,english,none,normal,false,false,false,,1701059330000
65641add1c9917b51a5f2b05,,146.49,91.3,177.33,54.66,38;2;0;1,words,10,-1,6,3.11,0,15.33,false,false,english,none,normal,false,false,false,,1701059293000
65641ab91c9917b51a5f29b6,,170.31,94,193.54,55.33,44;2;0;0,words,10,-1,3,3.1,0,6.39,false,false,english,none,normal,false,false,false,,1701059257000
656418f21c9917b51a5f1a1c,,195.97,100,195.97,93.75,49;0;0;0,words,10,-1,14,3,1,24.24,false,false,english,none,normal,false,false,false,,1701058802000
656418741c9917b51a5f1600,,159.52,100,159.52,79.61,52;0;0;0,words,10,-1,1,3.91,0,0.71,false,false,english,none,normal,false,false,false,,1701058676000
6564186d1c9917b51a5f15c2,,135.58,88.24,186.88,60.27,37;4;0;1,words,10,-1,9,3.27,0,14.26,false,false,english,none,normal,false,false,false,,1701058669000
656417f21c9917b51a5b334f,,202.02,100,202.02,98.6,48;0;0;0,words,10,-1,10,2.85,0,11.12,false,false,english,none,normal,false,false,false,,1701058546000
655ba0f40d82cb495043e18a,,164.07,97.78,189.31,87.03,39;0;0;1,words,10,-1,0,2.85,0,0,false,false,english,none,normal,false,false,false,,1700503796000
655ba0f00d82cb495043e15a,,182,93.75,198.55,93,44;2;0;0,words,10,-1,6,2.9,0,5.69,false,false,english,none,normal,false,false,false,,1700503792000
654b980fc46e6fc487ab294c,,176.9,100,176.9,63.57,50;0;0;0,words,10,-1,1,3.39,0,0.37,false,false,english,none,normal,false,false,false,,1699452943000
654b97a7c46e6fc487a38d94,,140.48,95.74,161.03,91.72,41;1;0;1,words,10,-1,6,3.5,0,8.47,false,false,english,none,normal,false,false,false,,1699452839000
6527f815438cfd693d2f8239,,173.76,100,173.76,61.78,47;0;0;0,words,10,-1,0,3.25,0,0,false,false,english,none,normal,false,false,false,,1697118229000
6527f810438cfd693d2f81fd,,129.68,97.96,144.42,53.79,44;0;0;1,words,10,-1,12,4.07,0,19.81,false,false,english,none,normal,false,false,false,,1697118224000
6527f7db438cfd693d2f7f1f,,139.82,96.36,156.94,63.2,49;1;0;0,words,10,-1,7,4.21,0,8.92,false,false,english,none,normal,false,false,false,,1697118171000
6527f7c7438cfd693d2f7e03,,141.05,100,141.05,77.5,43;0;0;0,words,10,-1,9,3.66,0,33.16,false,false,english,none,normal,false,false,false,,1697118151000
6526b7d3438cfd693d89472a,,127.97,96.99,127.97,64.4,160;0;0;0,time,15,-1,8,15,0,18.22,false,false,english,none,normal,false,false,false,,1697036243000
6526b79b438cfd693d89442a,,171.04,100,171.04,74.59,49;0;0;0,words,10,-1,4,3.44,0,7.66,false,false,english,none,normal,false,false,false,,1697036187000
6526b78b438cfd693d894356,,174.51,100,174.51,60.49,48;0;0;0,words,10,-1,11,3.3,0,15.12,false,false,english,none,normal,false,false,false,,1697036171000
6526b76b438cfd693d8941c7,,184.67,100,184.67,51.85,48;0;0;0,words,10,-1,0,3.12,0,0,false,false,english,none,normal,false,false,false,,1697036139000
6526b767438cfd693d894186,,164.98,100,164.98,78.75,48;0;0;0,words,10,-1,2,3.49,0,5.74,false,false,english,none,normal,false,false,false,,1697036135000
6526b75b438cfd693d8940e6,,154.15,98.08,154.15,89.61,50;0;0;0,words,10,-1,13,3.89,0,11.14,false,false,english,none,normal,false,false,false,,1697036123000
652174af4cb4fabb7df6c165,,136.94,98.08,148.35,55.52,48;0;0;1,words,10,-1,0,4.21,0,0,false,false,english,none,normal,false,false,false,,1696691375000
652174aa4cb4fabb7df6c13f,,150.86,100,150.86,88.2,49;0;0;0,words,10,-1,3,3.9,0,6.27,false,false,english,none,normal,false,false,false,,1696691370000
652174914cb4fabb7df6c08f,,135.62,100,135.62,84.77,51;0;0;0,words,10,-1,1,4.51,0,1.22,false,false,english,none,normal,false,false,false,,1696691345000
6521747d4cb4fabb7df6bfda,,160.98,100,160.98,89.61,53;0;0;0,words,10,-1,2,3.95,0,1.62,false,false,english,none,normal,false,false,false,,1696691325000
652174734cb4fabb7df6bf89,,132.63,96.43,132.63,91.27,54;0;0;0,words,10,-1,1,4.89,0,1.64,false,false,english,none,normal,false,false,false,,1696691315000
6521746a4cb4fabb7df6bf41,,137.79,100,137.79,96.06,52;0;0;0,words,10,-1,3,4.53,0,3.31,false,false,english,none,normal,false,false,false,,1696691306000
6521745c4cb4fabb7df6bed9,,113.82,87.5,143.78,49.26,38;3;1;1,words,10,-1,3,4.01,0,3.55,false,false,english,none,normal,false,false,false,,1696691292000
652174504cb4fabb7df6be83,,151.01,100,151.01,79.42,60;0;0;0,words,10,-1,7,4.77,0,7.43,false,false,english,none,normal,false,false,false,,1696691280000
65205fcb4cb4fabb7daf9c20,,193.03,100,193.03,63.67,53;0;0;0,words,10,-1,1,3.29,0,3.66,false,false,english,none,normal,false,false,false,,1696620491000
65205eff4cb4fabb7daf9478,,171.16,100,171.16,51.55,44;0;0;0,words,10,-1,10,3.08,0,15.37,false,false,english,none,normal,false,false,false,,1696620287000
65205ee24cb4fabb7daf9350,,132.51,87.5,181.73,56.34,35;4;0;0,words,10,-1,4,3.17,0,5.2,false,false,english,none,normal,false,false,false,,1696620258000
65205eca4cb4fabb7daf927d,,203.88,100,203.88,95.18,47;0;0;0,words,10,-1,1,2.77,0,0.56,false,false,english,none,normal,false,false,false,,1696620234000
651c5d1b4cb4fabb7d3dd788,,136.46,98.57,136.46,53.47,69;0;0;0,quote,1528,0,5,6.07,0,6.22,false,false,english,none,normal,false,false,false,,1696357659000
651c5cf44cb4fabb7d3dd586,,153.73,100,153.73,94.12,59;0;0;0,custom,custom,-1,2,4.61,0,5.09,false,false,english,none,normal,false,false,false,,1696357620000
651c5ce64cb4fabb7d3dd4cd,,114.29,96.67,120.3,91.83,57;0;1;0,custom,custom,-1,1,5.98,0,1.48,false,false,english,none,normal,false,false,false,,1696357606000
651c5cd54cb4fabb7d3dd3f5,,163.63,100,163.63,69.97,59;0;0;0,custom,custom,-1,0,4.33,0,0,false,false,english,none,normal,false,false,false,,1696357589000
651c5ccd4cb4fabb7d3dd39e,,126.5,100,126.5,93.87,59;0;0;0,custom,custom,-1,2,5.6,0,1.49,false,false,english,none,normal,false,false,false,,1696357581000
651c5cad4cb4fabb7d3dd205,,113.79,79.49,147.92,54.55,30;6;1;0,custom,custom,-1,1,3.16,0,1.26,false,false,english,none,normal,false,false,false,,1696357549000
651c5ca44cb4fabb7d3dd18e,true,177.87,100,177.87,81.13,38;0;0;0,custom,custom,-1,13,2.56,0,19.16,false,false,english,none,normal,false,false,false,,1696357540000
651c5c4f4cb4fabb7d3dcd59,true,206.2,100,206.2,95.05,51;0;0;0,words,10,-1,16,2.97,0,29.17,false,false,english,none,normal,false,false,false,,1696357455000
651c5bc64cb4fabb7d3dc664,,186.93,100,186.93,46.88,47;0;0;0,words,10,-1,8,3.02,0,9.27,false,false,english,none,normal,false,false,false,,1696357318000
651c5b9a4cb4fabb7d3dc441,,177.37,100,177.37,80.5,52;0;0;0,words,10,-1,17,3.52,0,21.8,false,false,english,none,normal,false,false,false,,1696357274000
651c5b644cb4fabb7d3dc18f,,159.17,93.75,177.67,59.63,43;2;0;0,words,10,-1,7,3.24,0,6.85,false,false,english,none,normal,false,false,false,,1696357220000
651c5b454cb4fabb7d3dbff8,,179.29,100,179.29,64.01,50;0;0;0,words,10,-1,2,3.35,0,4.23,false,false,english,none,normal,false,false,false,,1696357189000
651af8464cb4fabb7d5376cb,,109.99,77.08,140.54,75.58,36;6;1;1,words,10,-1,4,3.93,0,6.74,false,false,english,none,normal,false,false,false,,1696266310000
651af8354cb4fabb7d5375e8,,146.03,89.66,163.91,49.38,49;3;0;3,words,10,-1,3,4.03,0,9.21,false,false,english,none,normal,false,false,false,,1696266293000
651af8174cb4fabb7d537469,,96.53,75.47,179.27,79.77,28;7;1;1,words,10,-1,0,3.48,0,0,false,false,english,none,normal,false,false,false,,1696266263000
651af80c4cb4fabb7d5373dc,,170.82,100,170.82,85.43,56;0;0;0,words,10,-1,6,3.93,0,5.69,false,false,english,none,normal,false,false,false,,1696266252000
651af7f54cb4fabb7d5372c1,,155.07,91.07,192.98,78.57,45;3;0;0,words,10,-1,8,3.48,0,54.74,false,false,english,none,normal,false,false,false,,1696266229000
651af76a4cb4fabb7d536bc6,,131.92,94.48,136.71,78.5,165;1;0;1,time,15,-1,7,15.01,0,24.18,false,false,english,none,normal,false,false,false,,1696266090000
651af7294cb4fabb7d536847,true,135.57,97.98,135.57,72.69,339;0;0;0,time,30,-1,2,30.01,0,4.48,false,false,english,none,normal,false,false,false,,1696266025000
6518cef136bd0a3b02e8ff78,,140.77,96.2,144.77,75.01,176;3;0;1,time,15,-1,1,15,0,3.13,false,false,english,none,normal,false,false,false,,1696124657000
6518ced636bd0a3b02e8fedd,,131.44,95.24,131.44,75.56,60;0;0;0,words,10,-1,4,5.48,0,9.17,false,false,english,none,normal,false,false,false,,1696124630000
6518ce7036bd0a3b02e8fcbf,,128.39,95.92,128.39,80.21,47;0;0;0,words,10,-1,4,4.39,0,4.92,false,false,english,none,normal,false,false,false,,1696124528000
64827cec3fc01f23c8ccbb0a,,143.2,96.28,150.4,83.05,179;5;0;1,time,15,-1,10,15,0,35.24,false,false,english,none,normal,false,false,false,,1686273260000
648218ef3fc01f23c8153ed5,,188.68,100,188.68,60.62,50;0;0;0,words,10,-1,7,3.18,0,9.79,false,false,english,none,normal,false,false,false,,1686247663000
648218c73fc01f23c8153d4b,,146.72,100,146.72,85.93,56;0;0;0,words,10,-1,10,4.58,0,16.98,false,false,english,none,normal,false,false,false,,1686247623000
6482188a3fc01f23c8153afe,,187.5,100,187.5,60.62,50;0;0;0,words,10,-1,0,3.2,0,0,false,false,english,none,normal,false,false,false,,1686247562000
648218873fc01f23c8153ad0,,162.07,100,162.07,69.69,47;0;0;0,words,10,-1,13,3.48,0,22.71,false,false,english,none,normal,false,false,false,,1686247559000
6482185a3fc01f23c815390f,,181.13,100,181.13,60.49,48;0;0;0,words,10,-1,1,3.18,0,0.97,false,false,english,none,normal,false,false,false,,1686247514000
648218543fc01f23c81538d2,,173.3,100,173.3,91.35,53;0;0;0,words,10,-1,1,3.67,0,0.45,false,false,english,none,normal,false,false,false,,1686247508000
6480efc03fc01f23c8e7899a,,78.57,98.21,78.57,51.7,55;0;0;0,words,10,-1,2,8.4,0,8.13,false,false,english,none,normal,false,false,false,,1686171584000
6480efab3fc01f23c8e78911,,28.82,78.57,43.23,0.72,36;6;1;1,words,10,-1,4,14.99,1,10.45,false,false,english,none,normal,false,false,false,,1686171563000
6480ef8a3fc01f23c8e7883d,,145.7,100,145.7,87.71,55;0;0;0,words,10,-1,0,4.53,0,0,false,false,english,none,normal,false,false,false,,1686171530000
647f771791a4a812e4e8e357,,160.93,94.12,178.43,68.94,46;2;0;0,words,10,-1,2,3.43,0,2.32,false,false,english,none,normal,false,false,false,,1686075159000
647f770a91a4a812e4e8e2e0,,181.71,100,181.71,90.32,53;0;0;0,words,10,-1,4,3.5,0,2.83,false,false,english,none,normal,false,false,false,,1686075146000
647f76fe91a4a812e4e8e270,,144.58,89.47,164.82,55.46,50;3;2;0,words,10,-1,1,4.15,0,0.55,false,false,english,none,normal,false,false,false,,1686075134000
647f76f291a4a812e4e8e1ee,,189.47,94.34,209.21,46.44,48;2;0;0,words,10,-1,10,3.04,0,13.92,false,false,english,none,normal,false,false,false,,1686075122000
647f6fea91a4a812e4dbb58a,,162.88,96.08,162.88,74.64,49;0;0;0,words,10,-1,12,3.61,0,14.18,false,false,english,none,normal,false,false,false,,1686073322000
647f6fc591a4a812e4dbb3ec,,192.64,100,192.64,90.25,48;0;0;0,words,10,-1,3,2.99,0,3.63,false,false,english,none,normal,false,false,false,,1686073285000
647f6fb491a4a812e4dbb34a,,191.41,100,191.41,63.52,52;0;0;0,words,10,-1,0,3.26,0,0,false,false,english,none,normal,false,false,false,,1686073268000
647f6fad91a4a812e4dbb2ee,,182.52,100,182.52,40.37,47;0;0;0,words,10,-1,0,3.09,0,0,false,false,english,none,normal,false,false,false,,1686073261000
647f6fa791a4a812e4dbb2ab,,173.04,94.44,203.13,50.55,46;2;0;1,words,10,-1,1,3.19,0,0.15,false,false,english,none,normal,false,false,false,,1686073255000
647f2c2a91a4a812e45e6bfb,,162.24,100,162.24,93.68,53;0;0;0,words,10,-1,5,3.92,0,8.42,false,false,english,none,normal,false,false,false,,1686055978000
647e0fb491a4a812e44cd5b5,,121.85,88.1,155.08,62.82,33;3;1;0,quote,6842,0,2,3.25,0,1.56,false,false,english,none,normal,false,false,false,,1685983156000
647c08fda0a6beb492db441e,,98.89,91.3,105.33,64.94,676;14;1;4,quote,5062,3,1,82.03,0,0.45,false,false,english,none,normal,false,false,false,,1685850365000
647c08a3a0a6beb492d4d5a6,,110.12,94.44,110.12,61.13,68;0;0;0,quote,1464,0,27,7.41,0,42.92,false,false,english,none,normal,false,false,false,,1685850275000
647c0856a0a6beb492d4d410,,175.24,100,175.24,47.08,46;0;0;0,words,10,-1,2,3.15,0,3.22,false,false,english,none,normal,false,false,false,,1685850198000
647c0822a0a6beb492d4d2e1,,157.14,100,157.14,72.73,44;0;0;0,words,10,-1,0,3.36,0,0,false,false,english,none,normal,false,false,false,,1685850146000
647c081ca0a6beb492d4d2bb,,132.28,97.83,144.88,88.78,42;0;0;1,words,10,-1,6,3.81,0,9,false,false,english,none,normal,false,false,false,,1685850140000
6477f56b0170c3dfdcea92c4,,175.61,100,175.61,66.16,48;0;0;0,words,10,-1,13,3.28,0,12.75,false,false,english,none,normal,false,false,false,,1685583211000
6477ecd00170c3dfdcd7288e,true,130.38,87.39,154.32,63.49,98;7;1;7,words,25,-1,8,9.02,0,17.08,false,false,english,none,normal,false,false,false,,1685581008000
6477ec960170c3dfdcd7273b,,119.69,92,153.45,88.4,39;1;1;1,words,10,-1,28,3.91,0,24.68,false,false,english,none,normal,false,false,false,,1685580950000
647781d00170c3dfdc1405e9,,148.54,94.64,163.11,52.36,51;2;0;0,words,10,-1,4,4.12,0,6.37,false,false,english,none,normal,false,false,false,,1685553616000
647781ad0170c3dfdc14042e,,156.27,95,176.9,53.81,53;2;0;0,words,10,-1,2,4.07,0,1.23,false,false,english,none,normal,false,false,false,,1685553581000
6477819c0170c3dfdc140365,,180.56,100,180.56,60.93,48;0;0;0,words,10,-1,5,3.19,0,6.51,false,false,english,none,normal,false,false,false,,1685553564000
6477815a0170c3dfdc140073,,162.6,100,162.6,83.72,50;0;0;0,words,10,-1,13,3.69,0,21.88,false,false,english,none,normal,false,false,false,,1685553498000
647781310170c3dfdc13fe9e,,155.33,98.08,155.33,76.77,51;0;0;0,words,10,-1,4,3.94,0,6.23,false,false,english,none,normal,false,false,false,,1685553457000
6477811e0170c3dfdc13fdce,,87.3,98.18,87.3,34.65,51;0;0;0,words,10,-1,1,7.01,1,7.45,false,false,english,none,normal,false,false,false,,1685553438000
6477810b0170c3dfdc13fcee,,98.57,96,107.14,79.12,46;1;0;1,words,10,-1,2,5.6,0,2.73,false,false,english,none,normal,false,false,false,,1685553419000
647780ea0170c3dfdc13fb81,true,195.25,100,195.25,92.58,48;0;0;0,words,10,-1,9,2.95,0,32.44,false,false,english,none,normal,false,false,false,,1685553386000
647780a30170c3dfdc10c578,,142,98.08,142,66.92,51;0;0;0,words,10,-1,17,4.31,0,40.94,false,false,english,none,normal,false,false,false,,1685553314000
647780410170c3dfdc0d8d35,,131.1,98.99,131.1,79.82,98;0;0;0,quote,4302,0,3,8.97,0,6.45,false,false,english,none,normal,false,false,false,,1685553217000
6477802e0170c3dfdc0d8c5d,,91.76,96.25,91.76,38.64,77;0;0;0,quote,5703,0,6,10.07,0,7.35,false,false,english,none,normal,false,false,false,,1685553198000
647780130170c3dfdc0d8b16,,119.61,95.38,119.61,58.63,62;0;0;0,quote,5797,0,2,6.22,0,1.61,false,false,english,none,normal,false,false,false,,1685553171000
647780080170c3dfdc0d8a90,,132.62,93.41,143.81,75.02,83;2;1;1,quote,3483,0,1,7.51,0,6.35,false,false,english,none,normal,false,false,false,,1685553160000
64777f420170c3dfdc0d81c5,,125.6,99.37,125.6,80.74,157;0;0;0,time,15,-1,10,15,0,14.73,false,false,english,none,normal,false,false,false,,1685552962000
64777e570170c3dfdc0d778c,,129.51,94.83,133.51,74.47,162;0;1;0,time,15,-1,12,15.01,0,16.69,false,false,english,none,normal,false,false,false,,1685552727000
64777e2b0170c3dfdc0d75cf,,116.8,94.71,131.2,78.71,146;2;0;2,time,15,-1,3,15,0,22.1,false,false,english,none,normal,false,false,false,,1685552683000
64763b730170c3dfdcb6e30f,,120.8,92.31,129.6,72.8,151;4;1;0,time,15,-1,1,15,0,2.8,false,false,english,none,normal,false,false,false,,1685470067000
64763b4f0170c3dfdcb6e195,,161.68,100,161.68,67.73,45;0;0;0,words,10,-1,14,3.34,0,17.01,false,false,english,none,normal,false,false,false,,1685470031000
647637fd0170c3dfdcb05979,,115.12,94.84,118.32,72.71,144;2;0;0,time,15,-1,2,15.01,0,26.41,false,false,english,none,normal,false,false,false,,1685469181000
647637cc0170c3dfdcb05746,,119.12,92.81,127.12,68.57,149;3;0;1,time,15,-1,1,15.01,0,2.62,false,false,english,none,normal,false,false,false,,1685469132000
647637b70170c3dfdcb05640,,109.6,91.82,121.6,67.73,137;5;1;0,time,15,-1,0,15,0,0,false,false,english,none,normal,false,false,false,,1685469111000
64331efc32a956cd0a3131da,,52.76,87.8,59.96,58.39,66;4;0;0,time,15,-1,1,15.01,0,4.45,false,false,english,none,normal,false,false,false,,1681071868000
63ea8d72cd1271d9fe9926a0,,165.52,100,165.52,92.4,52;0;0;0,words,10,-1,6,3.77,0,4.21,false,false,english,none,normal,false,false,false,,1676316018000
63d5aa92dcbecc08a7060437,,173.3,100,173.3,87.04,53;0;0;0,words,10,-1,6,3.67,0,12.89,false,false,english,none,normal,false,false,false,,1674947217000
63aa29de3bafcbd101726fcd,,116.22,95.56,116.22,42.75,43;0;0;0,words,10,-1,1,4.44,0,1.15,false,false,english,none,normal,false,false,false,,1672096222000
63aa29b03bafcbd101726eed,,116.59,86.27,136.49,53.5,41;2;1;0,words,10,-1,1,4.22,0,1.12,false,false,english,none,normal,false,false,false,,1672096176000
63aa27fe3bafcbd101726584,,94.59,78.57,151.35,70.99,35;7;2;1,words,10,-1,4,4.44,0,5.27,false,false,english,none,normal,false,false,false,,1672095742000
63aa27cd3bafcbd101726460,,89.41,78.18,122.35,59.98,38;6;1;0,words,10,-1,10,5.1,0,21.45,false,false,english,none,normal,false,false,false,,1672095693000
63aa27953bafcbd10172631b,,40.03,87.04,44.48,48.41,45;2;0;0,words,10,-1,0,13.49,0,0,false,false,english,none,normal,false,false,false,,1672095637000
63a0ba2f3bafcbd1017e9284,,135.16,91.49,154.95,87.41,41;2;1;0,words,10,-1,6,3.64,0,10.24,false,false,english,none,normal,false,false,false,,1671477807000
63a0b9f13bafcbd1017e9056,,129.11,96.23,129.11,72.92,51;0;0;0,words,10,-1,0,4.74,0,0,false,false,english,none,normal,false,false,false,,1671477745000
63a0b9e93bafcbd1017e900c,,117.14,96.15,132.75,76.76,45;0;0;1,words,10,-1,24,4.61,0,42.09,false,false,english,none,normal,false,false,false,,1671477737000
63a0b9663bafcbd1017e8b56,,150,98.28,150,73.51,57;0;0;0,words,10,-1,8,4.56,0,8.52,false,false,english,none,normal,false,false,false,,1671477606000
63a0b9483bafcbd1017e8a39,,134.33,95.74,134.33,46.93,45;0;0;0,words,10,-1,0,4.02,0,0,false,false,english,none,normal,false,false,false,,1671477576000
63a0b93f3bafcbd1017e89d8,,132.48,100,132.48,90.19,52;0;0;0,words,10,-1,3,4.71,0,6.65,false,false,english,none,normal,false,false,false,,1671477567000
63a0b9293bafcbd1017e8905,,163.64,100,163.64,79.72,51;0;0;0,words,10,-1,14,3.74,0,13.86,false,false,english,none,normal,false,false,false,,1671477545000
63a0b2953bafcbd101741fec,,179.1,100,179.1,62.28,50;0;0;0,words,10,-1,0,3.35,0,0,false,false,english,none,normal,false,false,false,,1671475861000
63a0b2903bafcbd101741fb3,,123.97,94.34,123.97,58.43,50;0;0;0,words,10,-1,7,4.84,0,5.31,false,false,english,none,normal,false,false,false,,1671475856000
63a0b2233bafcbd101741b45,,164,95.56,180,93.75,41;1;0;1,words,10,-1,6,3,1,7.5,false,false,english,none,normal,false,false,false,,1671475747000
63a0b1fd3bafcbd1017419c4,,171.93,100,171.93,69.26,49;0;0;0,words,10,-1,12,3.42,0,14.44,false,false,english,none,normal,false,false,false,,1671475709000
63a08ae53bafcbd1013a907b,,156.52,100,156.52,79.59,48;0;0;0,words,10,-1,9,3.68,0,18.04,false,false,english,none,normal,false,false,false,,1671465701000
63a08ab13bafcbd1013a8e0f,,169.49,100,169.49,81.67,50;0;0;0,words,10,-1,5,3.54,0,2.3,false,false,english,none,normal,false,false,false,,1671465649000
63a08a603bafcbd1013576f0,,162.08,100,162.08,87.84,52;0;0;0,words,10,-1,0,3.85,0,0,false,false,english,none,normal,false,false,false,,1671465568000
63a08a583bafcbd1013576a1,,168.97,100,168.97,66.16,49;0;0;0,words,10,-1,31,3.48,0,47.71,false,false,english,none,normal,false,false,false,,1671465560000
639a4f9e3bafcbd10113d008,,173.86,100,173.86,74.97,51;0;0;0,words,10,-1,1,3.52,0,1.22,false,false,english,none,normal,false,false,false,,1671057310000
639a4f963bafcbd10113cfd1,,162.43,94.44,179.01,78.72,49;2;0;0,words,10,-1,1,3.62,0,4,false,false,english,none,normal,false,false,false,,1671057302000
639a4f8d3bafcbd10113cf90,,158.6,100,158.6,52.12,53;0;0;0,words,10,-1,4,4.01,0,4.15,false,false,english,none,normal,false,false,false,,1671057293000
639a4f383bafcbd10113cd5a,,136.47,98.31,136.47,50.82,58;0;0;0,words,10,-1,10,5.1,0,23.59,false,false,english,none,normal,false,false,false,,1671057208000
639a4f0f3bafcbd10113cc09,,103.13,89.93,103.13,65.83,129;0;0;0,time,15,-1,12,15.01,0,29.52,false,false,english,none,normal,false,false,false,,1671057167000
6399d7303bafcbd101631a9b,,172.41,100,172.41,73.17,50;0;0;0,words,10,-1,20,3.48,0,64.66,false,false,english,none,normal,false,false,false,,1671026480000
6399d6a43bafcbd1015e0afd,,156.39,100,156.39,81.96,52;0;0;0,words,10,-1,5,3.99,0,9.14,false,false,english,none,normal,false,false,false,,1671026340000
6399d6883bafcbd1015e0997,,84.21,100,84.21,48.18,48;0;0;0,words,10,-1,0,6.84,0,0,false,false,english,none,normal,false,false,false,,1671026312000
6399d6803bafcbd1015e092d,,83.03,96.36,83.03,22.79,53;0;0;0,words,10,-1,0,7.66,2,0,false,false,english,none,normal,false,false,false,,1671026304000
6399d66f3bafcbd1015e0848,,144.77,97.83,144.77,90.28,45;0;0;0,words,10,-1,1,3.73,0,0.05,false,false,english,none,normal,false,false,false,,1671026287000
6399d65a3bafcbd1015e071d,,176.15,100,176.15,60.49,48;0;0;0,words,10,-1,8,3.27,0,14.27,false,false,english,none,normal,false,false,false,,1671026266000
6399d6113bafcbd1015e03ab,,163.48,100,163.48,76.4,47;0;0;0,words,10,-1,1,3.45,0,0.42,false,false,english,none,normal,false,false,false,,1671026193000
6399d5a43bafcbd1015dfe68,,141.33,100,141.33,80.57,53;0;0;0,words,10,-1,3,4.5,0,2.86,false,false,english,none,normal,false,false,false,,1671026084000
6399d5983bafcbd1015dfdcc,,156.25,100,156.25,88,50;0;0;0,words,10,-1,0,3.84,0,0,false,false,english,none,normal,false,false,false,,1671026072000
6399d5923bafcbd1015dfd7c,,130.86,96.36,130.86,73.03,53;0;0;0,words,10,-1,5,4.86,0,8.18,false,false,english,none,normal,false,false,false,,1671026066000
6399d57e3bafcbd1015dfc77,,161.05,100,161.05,88.4,51;0;0;0,words,10,-1,0,3.8,0,0,false,false,english,none,normal,false,false,false,,1671026046000
6399d5793bafcbd1015dfc2e,,100.58,98.31,100.58,86.02,58;0;0;0,words,10,-1,0,6.92,0,0,false,false,english,none,normal,false,false,false,,1671026041000
63992d2b3bafcbd10167737f,,151.38,97.78,166.15,67.73,41;0;0;2,words,10,-1,7,3.25,0,10.7,false,false,english,none,normal,false,false,false,,1670982955000
6398f0813bafcbd101103ea0,,42.73,95.24,47.35,50.38,37;0;0;1,words,10,-1,14,10.39,0,16.02,false,false,english,none,normal,false,false,false,,1670967425000
6398f04d3bafcbd101103cfa,,178.57,100,178.57,67.76,50;0;0;0,words,10,-1,5,3.36,0,7.53,false,false,english,none,normal,false,false,false,,1670967373000
6398efc63bafcbd101103887,,166.67,100,166.67,90.65,40;0;0;0,words,10,-1,43,2.88,0,56.57,false,false,english,none,normal,false,false,false,,1670967238000
6398ef5f3bafcbd101103542,,176.71,100,176.71,93.42,43;0;0;0,words,10,-1,16,2.92,0,15.76,false,false,english,none,normal,false,false,false,,1670967135000
6398ef353bafcbd1011033e1,,178.66,100,178.66,50.1,60;0;0;0,words,10,-1,13,4.03,0,15.83,false,false,english,none,normal,false,false,false,,1670967093000
6398ef0f3bafcbd1011032b9,,129.53,95,146.64,87.09,53;2;0;1,words,10,-1,9,4.91,0,6.95,false,false,english,none,normal,false,false,false,,1670967055000
6398c9ea3bafcbd101d766c7,,122.16,95.73,128.54,79.02,153;3;1;0,time,15,-1,0,15.03,0,0,false,false,english,none,normal,false,false,false,,1670957546000
6398c9a03bafcbd101d762da,,130.23,94.83,134.22,78.47,163;2;0;0,time,15,-1,2,15.02,0,1.68,false,false,english,none,normal,false,false,false,,1670957472000
6398c92f3bafcbd101d75d0d,,127.83,94.86,135.82,82.11,160;3;1;0,time,15,-1,29,15.02,0,38.48,false,false,english,none,normal,false,false,false,,1670957359000
6398c8be3bafcbd101d75722,,167.53,100,167.53,52.92,43;0;0;0,words,10,-1,3,3.08,0,3.39,false,false,english,none,normal,false,false,false,,1670957246000
6398c8af3bafcbd101d75672,,164.78,100,164.78,66.05,46;0;0;0,words,10,-1,16,3.35,0,36.49,false,false,english,none,normal,false,false,false,,1670957231000
6398c8603bafcbd101d7523f,,106.54,94.12,111.22,66.5,91;0;0;1,quote,5821,0,0,10.25,0,0,false,false,english,none,normal,false,false,false,,1670957152000
6398c8513bafcbd101d75190,,140.05,100,140.05,77.3,51;0;0;0,words,10,-1,8,4.37,0,12.76,false,false,english,none,normal,false,false,false,,1670957137000
6398c82c3bafcbd101d4cca8,,161.83,100,161.83,93.74,53;0;0;0,words,10,-1,0,3.93,0,0,false,false,english,none,normal,false,false,false,,1670957100000
6398c7f73bafcbd101d245e1,,147.78,94.64,165.52,54.39,50;2;0;0,words,10,-1,1,4.06,0,0.78,false,false,english,none,normal,false,false,false,,1670957047000
6398c7f03bafcbd101d24584,,110.55,93.22,110.55,69.26,55;0;0;0,words,10,-1,2,5.97,0,5.74,false,false,english,none,normal,false,false,false,,1670957040000
6398c7d83bafcbd101d24431,,112.82,94.34,135.9,65.42,44;2;0;0,words,10,-1,6,4.68,0,5.46,false,false,english,none,normal,false,false,false,,1670957016000
6398b9a53bafcbd101bd6909,,151.86,100,151.86,77.56,51;0;0;0,words,10,-1,2,4.03,1,2.88,false,false,english,none,normal,false,false,false,,1670953381000
6398b9983bafcbd101bd6868,,132.97,91.3,149.19,68.35,41;3;0;1,words,10,-1,1,3.7,0,0.86,false,false,english,none,normal,false,false,false,,1670953368000
6398b9923bafcbd101bd681b,,94.43,94,115.16,55.86,41;1;0;1,words,10,-1,10,5.21,0,10.65,false,false,english,none,normal,false,false,false,,1670953362000
6398b9453bafcbd101bd6452,,139.68,94,158.73,79.22,44;2;0;0,words,10,-1,2,3.78,0,0.1,false,false,english,none,normal,false,false,false,,1670953285000
6398b9333bafcbd101bd637d,,151.32,97.87,165.4,71.54,43;0;0;1,words,10,-1,8,3.41,0,14.98,false,false,english,none,normal,false,false,false,,1670953267000
6398b8f93bafcbd101bd6063,,91.94,93.48,108.45,66.61,39;1;1;0,words,10,-1,2,5.09,0,5.59,false,false,english,none,normal,false,false,false,,1670953209000
6398b8853bafcbd101bd5a81,,159.04,100,159.04,56.25,55;0;0;0,words,10,-1,0,4.15,0,0,false,false,english,none,normal,false,false,false,,1670953092000
6398b87b3bafcbd101bd59ff,,124.05,92.45,124.05,67,49;0;0;0,words,10,-1,1,4.74,0,5.52,false,false,english,none,normal,false,false,false,,1670953083000
6398a0c13bafcbd10198dc24,,161.54,100,161.54,76.64,49;0;0;0,words,10,-1,3,3.64,0,2.93,false,false,english,none,normal,false,false,false,,1670947009000
6398a0b43bafcbd10198db82,,129.11,98.08,129.11,74.49,51;0;0;0,words,10,-1,0,4.74,0,0,false,false,english,none,normal,false,false,false,,1670946996000
6398a0ae3bafcbd10198db2e,,109.98,97.83,109.98,66.05,45;0;0;0,words,10,-1,1,4.91,0,0.68,false,false,english,none,normal,false,false,false,,1670946990000
6398a0a53bafcbd10198dac3,,143.33,97.73,143.33,88.87,43;0;0;0,words,10,-1,0,3.6,0,0,false,false,english,none,normal,false,false,false,,1670946981000
6398a0a03bafcbd10198da7d,,135.08,95.56,135.08,72.34,43;0;0;0,words,10,-1,0,3.82,0,0,false,false,english,none,normal,false,false,false,,1670946976000
6398a09a3bafcbd10198da27,,167.88,100,167.88,93.58,54;0;0;0,words,10,-1,1,3.86,0,0.9,false,false,english,none,normal,false,false,false,,1670946970000
6398a0933bafcbd10198d9bf,,104.17,88.14,104.17,54.05,52;0;0;0,words,10,-1,5,5.99,0,8.48,false,false,english,none,normal,false,false,false,,1670946963000
63989f503bafcbd10198c8dc,,170.03,100,170.03,87.84,52;0;0;0,words,10,-1,1,3.67,0,1.37,false,false,english,none,normal,false,false,false,,1670946640000
63989f2f3bafcbd10198c71a,,130.49,94.44,130.49,80.23,51;0;0;0,words,10,-1,15,4.69,0,31.48,false,false,english,none,normal,false,false,false,,1670946607000
63989acc3bafcbd1019383ea,,120.55,91.84,134.25,70.85,44;3;0;1,words,10,-1,24,4.38,0,27.75,false,false,english,none,normal,false,false,false,,1670945484000
63989a743bafcbd10190fc55,,166.47,100,166.47,70.54,48;0;0;0,words,10,-1,1,3.46,0,0.29,false,false,english,none,normal,false,false,false,,1670945396000
63989a6a3bafcbd1018e77bf,,159.8,100,159.8,90.2,53;0;0;0,words,10,-1,0,3.98,0,0,false,false,english,none,normal,false,false,false,,1670945386000
639898953bafcbd1018e5dae,,165.04,100,165.04,75.71,48;0;0;0,words,10,-1,11,3.49,0,15.38,false,false,english,none,normal,false,false,false,,1670944917000
639898153bafcbd1018e568d,,146.63,100,146.63,93.23,49;0;0;0,words,10,-1,3,4.01,1,6.2,false,false,english,none,normal,false,false,false,,1670944789000
639897e63bafcbd1018e53d1,,147.99,100,147.99,86.96,46;0;0;0,words,10,-1,2,3.73,0,5.03,false,false,english,none,normal,false,false,false,,1670944742000
639897d23bafcbd1018e52b6,,132.72,97.96,132.72,66.23,48;0;0;0,words,10,-1,0,4.34,0,0,false,false,english,none,normal,false,false,false,,1670944722000
639897cc3bafcbd1018e524f,,141.82,100,141.82,77.57,52;0;0;0,words,10,-1,7,4.4,0,7.27,false,false,english,none,normal,false,false,false,,1670944716000
639897b63bafcbd1018e511e,,154.1,96.08,167.21,81.3,47;1;0;0,words,10,-1,1,3.66,0,0.64,false,false,english,none,normal,false,false,false,,1670944694000
639897a73bafcbd1018e5036,,160.25,100,160.25,47.37,43;0;0;0,words,10,-1,2,3.22,0,3.71,false,false,english,none,normal,false,false,false,,1670944679000
6398979d3bafcbd1018e4fa7,,120,98.21,120,74.75,55;0;0;0,words,10,-1,7,5.5,0,5.64,false,false,english,none,normal,false,false,false,,1670944669000
639897813bafcbd1018e4dd8,,141.45,100,141.45,58.8,60;0;0;0,words,10,-1,10,5.09,0,10.73,false,false,english,none,normal,false,false,false,,1670944641000
6398975f3bafcbd1018e4bdc,,146.19,94.12,146.19,82.14,48;0;0;0,words,10,-1,0,3.94,0,0,false,false,english,none,normal,false,false,false,,1670944607000
639897593bafcbd1018e4b7d,,131.92,98.11,131.92,74.97,52;0;0;0,words,10,-1,1,4.73,0,1.73,false,false,english,none,normal,false,false,false,,1670944601000
639897503bafcbd1018e4afc,,38.46,86.76,38.46,44.11,59;0;0;0,words,10,-1,0,18.41,1,0,false,false,english,none,normal,false,false,false,,1670944592000
639897243bafcbd1018e4882,,109.92,87.72,121.37,62.18,48;2;0;0,words,10,-1,9,5.24,0,8.6,false,false,english,none,normal,false,false,false,,1670944548000
6397f4d43bafcbd1019ccf38,,158.62,100,158.62,81.05,46;0;0;0,words,10,-1,16,3.48,0,25.78,false,false,english,none,normal,false,false,false,,1670902996000
6397f3733bafcbd1019cc48e,true,185.61,100,185.61,91.3,43;0;0;0,words,10,-1,2,2.78,0,5.43,false,false,english,none,normal,false,false,false,,1670902643000
6397f3623bafcbd1019cc412,,162.88,94.55,182.83,75.68,49;2;0;0,words,10,-1,5,3.61,0,6.6,false,false,english,none,normal,false,false,false,,1670902626000
6397f3523bafcbd1019cc391,,161.42,100,161.42,77.76,53;0;0;0,words,10,-1,7,3.94,0,6.1,false,false,english,none,normal,false,false,false,,1670902610000
6397f3053bafcbd1019cc16e,,164.21,100,164.21,90.58,52;0;0;0,words,10,-1,5,3.8,0,8.42,false,false,english,none,normal,false,false,false,,1670902533000
6397f2f03bafcbd1019cc0e2,,98.31,76.27,170.6,60.13,34;9;2;1,words,10,-1,5,4.15,0,7.91,false,false,english,none,normal,false,false,false,,1670902512000
6397e6a03bafcbd101884bd3,,108,90.36,121.6,75.87,135;3;1;1,time,15,-1,4,15,0,7.8,false,false,english,none,normal,false,false,false,,1670899360000
6397e5ec3bafcbd10188464c,,146.11,97.92,146.11,80.46,47;0;0;0,words,10,-1,4,3.86,0,4.14,false,false,english,none,normal,false,false,false,,1670899180000
6397e5c83bafcbd101884531,true,174.25,100,174.25,83.66,53;0;0;0,words,10,-1,1,3.65,0,0.67,false,false,english,none,normal,false,false,false,,1670899144000
6397e5bf3bafcbd1018844fa,,123.53,98.04,123.53,59.65,49;0;0;0,words,10,-1,0,4.76,0,0,false,false,english,none,normal,false,false,false,,1670899135000
6397e5873bafcbd10188434e,true,167.13,100,167.13,78.46,50;0;0;0,words,10,-1,5,3.59,0,7.93,false,false,english,none,normal,false,false,false,,1670899079000
6397e56b3bafcbd101884285,true,162.6,98.15,175.61,80.06,50;0;0;1,words,10,-1,1,3.69,0,0.17,false,false,english,none,normal,false,false,false,,1670899051000
6397e5593bafcbd1018841f6,true,156.12,100,156.12,93.5,51;0;0;0,words,10,-1,7,3.92,0,14.49,false,false,english,none,normal,false,false,false,,1670899033000
6397e53e3bafcbd10188413b,,139.86,98.04,139.86,67.55,50;0;0;0,words,10,-1,8,4.29,0,21.53,false,false,english,none,normal,false,false,false,,1670899006000
6397e51b3bafcbd101884038,,142.94,94.12,169.53,75.59,43;2;0;0,words,10,-1,0,3.61,0,0,false,false,english,none,normal,false,false,false,,1670898971000
6397e4f93bafcbd101883f40,true,150.42,100,150.42,86.85,45;0;0;0,words,10,-1,3,3.59,0,7.86,false,false,english,none,normal,false,false,false,,1670898937000
6397e4e33bafcbd101883eb0,,126.95,96.36,126.95,50.34,53;0;0;0,words,10,-1,0,5.01,0,0,false,false,english,none,normal,false,false,false,,1670898915000
6397e4ca3bafcbd101883de9,,96.16,94.12,96.16,61.15,48;0;0;0,words,10,-1,0,5.99,0,0,false,false,english,none,normal,false,false,false,,1670898890000
6397e4b93bafcbd101883d6f,true,134.61,97.92,134.61,61.27,47;0;0;0,words,10,-1,0,4.19,0,0,false,false,english,none,normal,false,false,false,,1670898873000
6397e4b03bafcbd101883d2d,,129.48,100,129.48,68.66,56;0;0;0,words,10,-1,6,5.19,0,10.89,false,false,english,none,normal,false,false,false,,1670898864000
6397e48b3bafcbd101883c1b,true,134,94.12,151.86,54.32,45;2;0;0,words,10,-1,3,4.03,0,8.34,false,false,english,none,normal,false,false,false,,1670898827000
6397e34c3bafcbd101832db3,true,111.18,92.56,116.58,75.36,556;10;2;1,time,60,-1,1,60.01,0,3.31,false,false,english,none,normal,false,false,false,,1670898508000
6397e2da3bafcbd101832a99,,132.8,95.98,136,81.43,166;2;0;0,time,15,-1,0,15,0,0,false,false,english,none,normal,false,false,false,,1670898394000
63976e953bafcbd101d982fb,,144.61,96.79,146.21,86.62,181;2;0;0,time,15,-1,0,15.02,0,0,false,false,english,none,normal,false,false,false,,1670868629000
63976e1f3bafcbd101d97c9f,,109.53,90.57,115.12,74.73,137;2;0;1,time,15,-1,0,15.01,0,0,false,false,english,none,normal,false,false,false,,1670868511000
63976d7c3bafcbd101d97424,,132.62,97.66,132.62,86.49,166;0;0;0,time,15,-1,2,15.02,0,23.48,false,false,english,none,normal,false,false,false,,1670868348000
63976d323bafcbd101d97021,true,146.01,96.83,146.01,83.92,183;0;0;0,time,15,-1,0,15.04,0,0,false,false,english,none,normal,false,false,false,,1670868274000
632bac248e3e35732dd03bc7,,108,88.2,122.4,84.24,135;7;2;1,time,15,-1,0,15,0,0,false,false,english,none,normal,false,false,false,,1663806500000
62ae1b7321b899eba339ef1a,,88.8,80.71,94.4,67.82,111;4;1;0,time,15,-1,0,15,0,0,false,false,english,none,normal,false,false,false,,1655577459000
62a93807670d484ede501702,,100,89.36,102.4,69.47,125;1;1;0,time,15,-1,0,15,0,0,false,false,english,none,normal,false,false,false,,1655257095000
62a937e7670d484ede501652,,105.6,92.76,108.8,74.05,132;1;0;0,time,15,-1,0,15,0,0,false,false,english,none,normal,false,false,false,,1655257063000
621c2d59f2d75bfbf6a8ac2a,,87.94,81.69,103.13,63.65,110;11;0;6,time,15,-1,0,15.01,0,0,false,false,english,none,normal,false,false,false,,1646013786000
621c2c99f2d75bfbf6a50efd,,117.52,94.44,125.52,78.83,147;3;0;0,time,15,-1,2,15.01,0,6.35,false,false,english,none,normal,false,false,false,,1646013594000
61e1a155821ee8cddcd184bb,,110.4,94.52,112.8,70.59,138;2;0;0,time,15,-1,0,15,0,0,false,false,english,none,normal,false,false,false,,1642176853000
61e1a110821ee8cddcd181d2,,108,94.04,116,80.99,135;2;0;1,time,15,-1,0,15,0,0,false,false,english,none,normal,false,false,false,,1642176785000
61ddb558821ee8cddcf2cd31,,99.13,90.14,107.93,64.27,124;5;1;1,time,15,-1,0,15.01,0,0,false,false,english,none,normal,false,false,false,,1641919832000
61ddb52e821ee8cddcf2cb4a,,91.08,90.91,98.27,67.02,114;4;0;0,time,15,-1,0,15.02,0,0,false,false,english,none,normal,false,false,false,,1641919790000
61ddb512821ee8cddcec0534,,108,95.14,108,73.98,135;0;0;0,time,15,-1,0,15,0,0,false,false,english,none,normal,false,false,false,,1641919763000
61ddb4e1821ee8cddcec02ef,,103.2,92.86,103.2,61.95,129;0;0;0,time,15,-1,0,15,0,0,false,false,english,none,normal,false,false,false,,1641919713000
61ddb45f821ee8cddcebfced,,60.72,86.96,68.71,49.3,76;4;0;1,time,15,-1,1,15.02,0,9.53,false,false,english,none,normal,false,false,false,,1641919584000
61ddb393821ee8cddce52ed3,,112,97.24,112,74.2,140;0;0;0,time,15,-1,0,15,0,0,false,false,english,none,normal,false,false,false,,1641919380000
61ddb315821ee8cddce528d2,,111.2,93.96,115.2,78.42,139;2;1;0,time,15,-1,0,15,0,0,false,false,english,none,normal,false,false,false,,1641919253000
61dc4b4a821ee8cddcc03330,,83.94,83.1,105.53,73.04,105;10;1;3,time,15,-1,0,15.01,0,0,false,false,english,none,normal,false,false,false,,1641827146000
61dc4b07821ee8cddcb971e8,,108,94.54,109.2,70.6,270;3;0;0,time,30,-1,0,30,0,0,false,false,english,none,normal,false,false,false,,1641827079000
61d0fac5f96fe9da1025b489,true,113.96,96.01,113.96,72.11,285;0;0;0,time,30,-1,0,30.01,0,0,false,false,english,none,normal,false,false,false,,1641085638000
61994ef261ea49b86d37b278,,87.57,87.22,96.77,76.03,219;7;0;1,time,30,-1,0,30.01,0,0,false,false,english,none,normal,false,false,false,,1637437171000
61951990e4e756ea4c88107e,true,94.34,91.98,97.93,72.6,236;3;1;0,time,30,-1,1,30.02,0,13.74,false,false,english,none,normal,false,false,false,,1637161360000
61951904e4e756ea4c880a51,true,115.52,98.91,115.52,74.61,268;0;0;0,words,50,-1,0,27.84,0,0,false,false,english,none,normal,false,false,false,,1637161220000
619518c5e4e756ea4c825cee,true,93.28,94.64,96.88,68.01,259;3;1;0,words,50,-1,0,33.32,0,0,false,false,english,none,normal,false,false,false,,1637161157000
6195189ee4e756ea4c825b2c,,57.45,88.71,74.04,50.75,45;1;0;1,quote,968,0,1,9.4,0,5.65,false,false,english,none,normal,false,false,false,,1637161119000
61951877e4e756ea4c825992,,67.76,85.39,72.47,47.68,144;2;0;1,quote,960,1,0,25.5,1,0,false,false,english,none,normal,false,false,false,,1637161080000
61951852e4e756ea4c825807,,95.14,96,95.14,71.05,119;0;0;0,time,15,-1,3,15.01,0,10.18,false,false,english,none,normal,false,false,false,,1637161043000
61951828e4e756ea4c825668,,99.87,96.92,99.87,67.19,125;0;0;0,time,15,-1,0,15.02,0,0,false,false,english,none,normal,false,false,false,,1637161001000
61942660e4e756ea4cee1cda,,88.74,82.27,99.13,66.64,111;7;1;1,time,15,-1,0,15.01,0,0,false,false,english,none,normal,false,false,false,,1637099104000
618d6aea605e2b8a30d2abf0,,43.14,98.18,43.14,63.2,54;0;0;0,time,15,-1,1,15.02,0,4.61,false,false,english,none,normal,false,false,false,,1636657898000
618d6ab7605e2b8a30d2aa1d,,111.13,94.87,124.72,72.62,139;5;0;2,time,15,-1,1,15.01,0,2.22,false,false,english,none,normal,false,false,false,,1636657848000
617f173ab319b9d1b467e58d,,68.75,82.08,74.35,66.73,86;5;0;0,time,15,-1,0,15.01,0,0,false,false,english,none,normal,false,false,false,,1635718971000
6170ce6e653e0be59f637ede,,80.75,97.17,80.75,58.22,101;0;0;0,time,15,-1,0,15.01,0,0,false,false,english,none,normal,false,false,false,,1634782831000
61660227b8ec7c700962bb32,,95.94,87.07,111.13,75.23,120;6;2;0,time,15,-1,1,15.01,0,3.99,false,false,english,none,normal,false,false,false,,1634075176000
616601fab8ec7c700962ba0c,,96,88.65,107.2,81.86,120;7;1;1,time,15,-1,0,15,0,0,false,false,english,none,normal,false,false,false,,1634075131000
615c91ec2980d68807076770,,106.33,97.83,106.33,78.55,133;0;0;0,time,15,-1,0,15.01,0,0,false,false,english,none,normal,false,false,false,,1633456620000
615c91d92980d688070766dc,,91.94,95.2,91.94,65.6,115;0;0;0,time,15,-1,0,15.01,0,0,false,false,english,none,normal,false,false,false,,1633456602000
615c91c72980d6880707662f,,96,91.04,97.6,70.97,120;1;0;0,time,15,-1,0,15,0,0,false,false,english,none,normal,false,false,false,,1633456584000
615c91672980d688070762d7,,85.49,89.92,96.67,68.57,107;2;1;0,time,15,-1,1,15.02,0,1.96,false,false,english,none,normal,false,false,false,,1633456488000
615b3fc851b90205512e496b,,108,96.43,108,73.28,135;0;0;0,time,15,-1,1,15,0,3.84,false,false,english,none,normal,false,false,false,,1633370057000
615b3f4451b90205512e44e1,,109.6,97.16,109.6,74,137;0;0;0,time,15,-1,3,15,0,1.6,false,false,english,none,normal,false,false,false,,1633369924000
615b3eb551b90205512e4015,true,120,99.34,120.8,85.28,150;1;0;0,time,15,-1,0,15,0,0,false,false,english,none,normal,false,false,false,,1633369781000
6143f8af9c83af355e86daf2,,99.93,95.56,99.93,66.06,125;0;0;0,time,15,-1,0,15.01,0,0,false,false,english,none,normal,false,false,false,,1631844527000
6143f8219c83af355e86d799,true,116,100,116,83.68,145;0;0;0,time,15,-1,0,15,0,0,false,false,english,none,normal,false,false,false,,1631844385000
6143f7ec9c83af355e86d658,,91.2,92.97,97.6,70.4,114;2;0;0,time,15,-1,0,15,0,0,false,false,english,none,normal,false,false,false,,1631844333000
6143f7bf9c83af355e86d51e,,99.2,94.7,99.2,75.38,124;0;0;0,time,15,-1,0,15,0,0,false,false,english,none,normal,false,false,false,,1631844287000
6143f6cc9c83af355e824e05,,85.6,84.25,108,82.62,107;10;1;4,time,15,-1,0,15,0,0,false,false,english,none,normal,false,false,false,,1631844045000
6143f6329c83af355e7dc936,,82.4,83.21,105.6,75.4,103;13;1;0,time,15,-1,0,15,0,0,false,false,english,none,normal,false,false,false,,1631843890000
6143f5b19c83af355e7dc620,,103.2,97.01,103.2,68.48,129;0;0;0,time,15,-1,1,15,0,1,false,false,english,none,normal,false,false,false,,1631843761000
6143f5679c83af355e7dc410,,76.8,82.27,111.2,80.27,96;14;2;3,time,15,-1,0,15,0,0,false,false,english,none,normal,false,false,false,,1631843687000
6143acca9c83af355e653230,,100.8,90.14,105.6,77.55,126;1;2;0,time,15,-1,0,15,0,0,false,false,english,none,normal,false,false,false,,1631825098000
6143aa559c83af355e57a3b6,,103.2,96.35,105.6,70.12,129;0;0;3,time,15,-1,1,15,0,4.48,false,false,english,none,normal,false,false,false,,1631824470000
6143a9e89c83af355e57a14a,,68.8,76.34,95.2,66.44,86;12;3;0,time,15,-1,0,15,0,0,false,false,english,none,normal,false,false,false,,1631824360000
6117fbfcf039809de1347a4a,true,104.79,94.93,104.79,77.83,131;0,time,15,-1,0,15.001509999972768,0,0,false,false,english,none,normal,false,false,false,,1622499600780
6117fbfcf039809de1347a4b,true,100.79,94.2,105.59,71.6,126;2,time,15,-1,0,15.001240000000514,0,0,false,false,english,none,normal,false,false,false,,1621533766151
6117fbfcf039809de1347a4c,,82.57,94.5,82.57,64.67,206;0,quote,597,1,0,29.937630000000354,0,0,false,false,english,none,normal,false,false,false,,1621533663240
6117fbfcf039809de1347a4d,,69.39,89.16,69.39,55.52,146;0,quote,573,1,0,25.248669999999954,0,0,false,false,english,none,normal,false,false,false,,1621533538421
6117fbfcf039809de1347a4e,,96.77,96.83,96.77,76.67,121;0,time,15,-1,0,15.004395000000848,0,0,false,false,english,none,normal,false,false,false,,1621533498106
6117fbfcf039809de1347a4f,,91.98,91.54,91.98,75.55,115;0,time,15,-1,0,15.002739999999903,0,0,false,false,english,none,normal,false,false,false,,1621533452681
6117fbfcf039809de1347a50,true,100.78,90.71,103.17,74.75,126;2,time,15,-1,0,15.003684999999678,0,0,false,false,english,none,normal,false,false,false,,1621533408321
6117fbfcf039809de1347a51,,54.39,81.58,87.18,61.34,68;8,time,15,-1,0,15.003029999999853,0,0,false,false,english,none,normal,false,false,false,,1621533350980
6117fbfcf039809de1347a52,,87.97,90.4,92.77,73.47,110;3,time,15,-1,1,15.00489000000016,0,2.86,false,false,english,none,normal,false,false,false,,1621533322661
6117fbfcf039809de1347a53,,82.36,92.92,82.36,60.39,103;0,time,15,-1,0,15.006489999999758,0,0,false,false,english,none,normal,false,false,false,,1621267196503
6117fbfcf039809de1347a54,,81.58,86.15,96.77,64.59,102;7,time,15,-1,0,15.00425999998697,0,0,false,false,english,none,normal,false,false,false,,1621267109540
6117fbfcf039809de1347a55,,91.18,89.55,99.98,77.44,114;3,time,15,-1,0,15.003094999992754,0,0,false,false,english,none,normal,false,false,false,,1619447823104
6117fbfcf039809de1347a56,,99.98,97.67,99.98,79.73,125;0,time,15,-1,0,15.003679999965243,0,0,false,false,english,none,normal,false,false,false,,1619447539275
6117fbfcf039809de1347a57,,66.39,84.55,96.79,71.42,83;10,time,15,-1,0,15.00214500000584,0,0,false,false,english,none,normal,false,false,false,,1616781996962
6117fbfcf039809de1347a58,,91.18,98.31,91.18,72.2,114;0,time,15,-1,3,15.003580000000074,0,10.56,false,false,english,none,normal,false,false,false,,1614814141571
6117fbfcf039809de1347a59,,79.99,93.81,87.99,81.95,100;1,time,15,-1,0,15.001699999999808,0,0,false,false,english,none,normal,false,false,false,,1614814079255
6117fbfcf039809de1347a5a,,77.58,91.82,83.98,72.88,97;2,time,15,-1,0,15.00367499999993,0,0,false,false,english,none,normal,false,false,false,,1614814059812
6117fbfcf039809de1347a5b,,96.8,94.66,99.2,69.15,121;1,time,15,-1,0,15.0005649999998,0,0,false,false,english,none,normal,false,false,false,,1614813979063
6117fbfcf039809de1347a5c,,95.99,94.53,95.99,74.37,120;0,time,15,-1,0,15.001390000000363,0,0,false,false,english,none,normal,false,false,false,,1614813940208
6117fbfcf039809de1347a5d,,95.19,96.75,95.19,70.73,119;0,time,15,-1,0,15.001729999999952,0,0,false,false,english,none,normal,false,false,false,,1614813912776
6117fbfcf039809de1347a5e,,75.99,89.09,78.39,66.36,95;2,time,15,-1,0,15.001899999999747,0,0,false,false,english,none,normal,false,false,false,,1614813889734
6117fbfcf039809de1347a5f,,87.17,94.83,87.17,76.17,109;0,time,15,-1,0,15.005994999999984,0,0,false,false,english,none,normal,false,false,false,,1614813845463
6117fbfcf039809de1347a60,,76.76,85.22,79.96,71.56,96;2,time,15,-1,0,15.008209999999963,0,0,false,false,english,none,normal,false,false,false,,1614813819471
6117fbfcf039809de1347a61,,94.37,96.77,94.37,81.54,118;0,time,15,-1,0,15.005329999999958,0,0,false,false,english,none,normal,false,false,false,,1614813764360
6117fbfcf039809de1347a62,,82.38,91.23,87.18,66.79,103;4,time,15,-1,0,15.00402000000031,0,0,false,false,english,none,normal,false,false,false,,1614813740282
6117fbfcf039809de1347a63,true,99.99,96.18,103.19,78.49,125;3,time,15,-1,0,15.00154999998631,0,0,false,false,english,none,normal,false,false,false,,1614466993191
6117fbfcf039809de1347a64,true,94.36,96.72,94.36,78.53,118;0,time,15,-1,0,15.006984999985434,0,0,false,false,english,none,normal,false,false,false,,1614466941198
6117fbfcf039809de1347a65,,19.2,55.71,51.19,30.75,24;15,time,15,-1,0,15.003720000000612,2,0,false,false,english,none,normal,false,false,false,,1608851233425
6117fbfcf039809de1347a66,true,65.58,89.9,73.58,65.99,82;2,time,15,-1,0,15.004189999999653,0,0,false,false,english,none,normal,false,false,false,,1608851141845
6117fbfcf039809de1347a67,,72.39,93.88,72.39,75.09,181;0,time,30,-1,0,30.002795000000333,0,0,false,false,english,none,normal,false,false,false,,1608850907983
6117fbfcf039809de1347a68,,65.58,91.76,65.58,63.17,164;0,time,30,-1,0,30.009095000000006,0,0,false,false,english,none,normal,false,false,false,,1608830240837
6117fbfcf039809de1347a69,,69.59,95.77,69.59,65.44,174;0,time,30,-1,0,30.00393000000008,0,0,false,false,english,none,normal,false,false,false,,1608830182716
6117fbfcf039809de1347a6a,,61.99,90.56,61.99,58.53,155;0,time,30,-1,0,30.003060000002733,0,0,false,false,english,none,normal,false,false,false,,1608772142475
6117fbfcf039809de1347a6b,true,79.59,95.69,79.59,72.65,199;0,time,30,-1,0,30.004424999999173,0,0,false,false,english,none,normal,false,false,false,,1608771484945
6117fbfcf039809de1347a6c,true,71.99,92.82,71.99,67.8,180;0,time,30,-1,0,30.005529999998544,0,0,false,false,english,none,normal,false,false,false,,1608771361717
6117fbfcf039809de1347a6d,true,67.19,92.55,69.99,69.47,168;0,time,30,-1,0,30.005400000001828,0,0,false,false,english,none,normal,false,false,false,,1608771249633
6117fbfcf039809de1347a6e,,69.19,92.55,69.19,62.72,173;0,time,30,-1,0,30.0054850000015,0,0,false,false,english,earthquake,normal,false,false,false,,1608771146315